16.883900
16.524334
16.749104
16.662014
16.649527
16.913036
17.123398
17.163420
15.485020
16.572363
17.838366
15.593883
16.733414
16.672258
16.591894
16.678343
16.679943
16.609503
16.885181
16.657850
16.526896
16.680584
16.857645
16.503202
16.763832
16.568840
16.660091
16.672899
16.760950
16.637039
16.761911
16.601500
16.780161
16.559555
17.198000
16.197428
16.642483
16.852201
16.727970
16.568199
16.578125
16.645044
16.658491
16.607582
16.732454
16.636078
16.745581
16.655289
16.695313
16.781441
16.549309
16.639601
16.677061
16.753906
16.682505
16.660091
16.669058
16.674820
16.679943
16.659132
16.773117
16.547709
16.673220
16.749744
16.931929
16.408108
16.704597
16.660091
16.569801
16.764153
16.642803
16.690189
16.647606
16.733414
16.616547
16.612705
16.690830
16.656570
16.755507
16.812820
16.483992
16.795210
16.563717
16.670979
16.736616
16.660412
16.686987
16.583569
16.865971
16.532339
16.727331
16.669697
16.765432
16.610144
16.666176
16.794569
16.605021
16.680264
16.583889
16.687307
16.655289
16.644083
16.785925
16.653048
16.574923
16.696592
16.695953
16.621031
16.747822
16.672579
16.651768
16.735334
16.669378
16.720608
16.676743
16.712603
16.687628
16.571402
16.704918
16.840355
16.509926
16.680264
16.637680
16.613667
16.837154
16.579086
16.808018
16.575563
16.667776
16.549629
16.666817
16.767994
16.663614
16.747822
16.615267
16.651768
16.657850
16.817303
16.793608
16.500320
16.703957
16.682505
16.623590
16.754866
16.638960
16.573963
16.819544
16.608223
16.718365
16.615267
16.757109
16.582928
16.681864
16.657530
16.600538
16.895428
16.543865
16.686348
16.608864
16.657850
16.639280
16.780481
16.734695
16.609182
16.565638
16.711321
16.779200
16.594454
16.762230
16.624872
16.640560
16.674181
16.676422
16.654650
16.738216
16.707159
16.613346
16.671299
16.684425
16.655289
16.754547
16.624872
16.622311
16.662014
16.710041
16.713882
16.644403
16.747501
16.669697
16.491676
16.797131
16.849001
16.567879
16.792969
16.421236
16.676102
16.670979
16.768955
16.647924
16.717405
16.658812
16.659132
16.659452
16.686028
16.755507
16.800653
16.568840
16.538742
16.709400
16.701715
16.706839
16.594135
16.686987
16.716124
16.595736
16.708759
16.740137
16.547388
16.659132
16.718685
16.712282
16.678343
16.746222
16.611744
16.684425
16.668417
16.657211
16.638639
16.753265
16.784643
16.731173
16.500641
16.610144
16.703318
16.756147
16.557634
16.722849
16.717085
16.629354
16.657850
17.035667
16.277153
16.739819
16.589333
16.707800
16.725410
16.730213
16.666817
16.738857
16.742699
16.516649
16.649847
16.787205
16.575243
16.654970
16.666817
16.640881
16.684107
16.740778
16.617508
16.684746
16.602779
16.675140
16.641521
16.759989
16.617188
16.658812
16.678022
16.633516
16.681864
16.749104
16.630636
16.812820
16.524654
16.677702
16.719967
16.733414
16.574604
16.687628
16.670979
16.655609
16.683466
16.729893
16.635757
16.883261
16.965548
16.207994
16.621990
16.742060
16.652727
16.621990
16.723488
16.662653
16.667456
16.743340
16.661694
16.631275
16.768635
16.599257
17.615198
15.819612
16.573002
16.737577
16.619749
16.654329
16.681864
16.705879
16.599577
16.709721
16.628075
16.647924
16.980597
16.690189
16.546747
16.564358
16.666817
16.762871
16.622631
16.624552
16.710041
16.699795
16.600218
16.873974
20.472513
12.931239
16.475666
16.659773
16.685066
16.671940
16.692110
16.718365
16.599257
16.752304
16.637039
16.668737
16.770235
16.619108
16.728931
16.771517
16.452293
16.737896
16.516010
16.858927
16.679943
16.731493
16.553471
16.726370
16.712603
16.638960
16.591574
16.712603
16.664576
17.119234
16.242893
16.693392
16.631596
16.876856
16.565317
16.719967
16.622311
16.624552
16.581648
16.810577
16.591253
16.696274
16.718046
16.642803
16.637680
16.711000
16.680584
16.628714
16.671940
16.902792
16.477589
16.630636
16.696913
16.630955
16.658491
16.665535
16.717405
16.718365
16.489115
16.743660
16.709080
16.600859
33.256149
0.371092
16.381853
16.621349
16.676422
16.822744
16.500000
16.810577
16.514729
16.758709
16.610464
16.670658
16.776320
16.658171
16.688589
16.561155
16.646645
16.782402
16.667456
16.824026
16.633837
16.649527
16.611105
16.641842
16.658171
16.747501
16.770876
16.598938
17.494490
15.982265
16.552191
16.601500
17.002369
16.570761
16.646645
16.458376
16.854443
16.534901
16.697554
16.711000
16.705559
16.618149
16.580366
16.650806
16.712603
16.584848
16.799051
16.674820
16.657850
16.597977
16.679623
16.663294
16.734375
16.761271
16.715164
16.578125
16.660732
16.609823
16.732775
16.808657
16.519852
16.690189
16.713882
16.663294
16.574284
16.829149
16.532339
16.827229
16.603420
16.625513
16.719326
16.880058
16.465740
16.661053
16.740778
16.595095
16.678984
16.774397
16.570440
16.780481
16.593815
16.670017
16.703638
16.790728
16.597977
16.633198
16.769594
16.536501
16.798731
16.688910
16.853483
16.411310
16.693071
16.685066
16.748463
16.732134
16.569801
16.626472
16.592854
16.861488
16.569801
16.741419
16.670658
16.637360
16.687948
16.640560
16.761271
16.632557
16.655289
16.672258
16.637360
16.616867
16.832991
16.657530
16.804495
16.505444
16.642162
16.664255
16.763191
16.660091
16.659452
16.775038
16.617508
16.608543
16.698833
16.770235
16.713562
16.565958
16.583889
16.765432
16.620070
16.741098
16.617828
16.666496
16.677702
16.589651
16.763191
16.716124
16.713243
16.726370
16.589651
16.646004
16.622311
16.803854
16.588371
16.716124
16.632877
16.672899
16.672899
16.854443
16.449732
16.732134
16.630955
16.706518
16.652088
16.715805
16.663294
16.673861
16.650167
16.734375
16.664576
16.730213
16.654970
16.570440
16.682184
16.737577
16.692751
16.779840
16.599577
16.556993
16.688269
16.812180
16.573322
16.811539
16.535221
16.650806
16.656570
16.674820
16.888382
16.602779
16.675781
16.688910
16.653688
16.587090
16.780161
16.653688
16.720926
16.954020
16.389538
16.638000
16.648565
16.773438
16.527216
16.865330
16.576204
16.709721
16.544186
16.776638
16.682825
16.654329
16.643442
16.695953
16.677382
16.669378
16.701715
16.695633
17.342403
15.931995
16.870132
16.542585
16.598297
16.732775
16.641201
16.647924
16.690189
16.710361
16.653368
16.698833
16.569801
16.798412
16.770235
16.616867
16.840675
16.498400
16.685387
16.689228
16.658491
16.694672
16.623590
16.681545
16.719006
16.611105
16.649206
16.741098
16.969709
16.356878
16.689548
16.710682
16.599897
16.731173
16.656250
16.631275
16.721247
16.794569
16.534901
16.764471
16.526257
16.743980
16.684107
16.685066
16.638639
16.704277
16.677061
16.653048
16.632877
16.715164
16.532339
16.864048
16.464781
17.068007
16.298285
16.840675
16.616226
16.694992
16.737577
16.728291
16.540344
16.792648
16.565638
16.583569
16.818903
16.564358
16.795530
16.605021
16.679943
16.700115
16.668737
16.665215
16.662334
16.752945
16.581007
16.771517
16.581968
16.714203
16.806736
16.555393
16.686987
16.658812
16.639601
16.674181
16.685707
16.694351
16.644724
16.712923
16.647606
16.709400
16.602459
16.678984
16.693392
16.733093
16.551229
16.664255
16.652088
16.702677
16.710361
16.771517
16.642803
16.672899
16.649847
16.794889
16.548988
16.763191
16.658171
16.631275
16.664255
16.699795
16.653688
16.722208
16.629034
16.670017
16.671940
16.699795
16.669378
16.645044
16.763191
16.459017
16.810259
16.611423
16.717085
16.740137
16.563076
16.671619
16.705238
16.583569
16.704597
16.713243
16.641521
16.650167
16.674501
16.736296
16.613346
16.827549
16.593174
16.684746
16.650167
16.767994
16.709080
16.594774
16.682505
16.687948
16.567879
16.685707
16.697233
16.801292
16.551550
16.693712
16.628393
16.758068
16.586451
16.743019
16.853483
16.578766
16.586771
16.651768
16.692110
16.740458
16.685707
16.642483
16.551550
16.771196
16.657530
16.773438
16.607582
16.702997
16.811218
16.558594
16.754866
16.536180
16.708759
16.611105
16.778561
16.670658
16.656570
16.746862
16.703318
16.538742
16.622952
16.726049
16.670658
16.718365
16.623272
16.711000
16.676422
16.671940
16.648886
16.637039
16.798731
16.502241
16.679623
16.787525
16.564358
16.711000
16.656891
16.660412
16.772797
16.470543
16.712603
16.678984
16.761271
16.550270
16.675461
16.636719
16.715485
16.722528
16.679943
16.667137
16.646324
16.698833
16.779200
16.563076
16.720926
16.644083
16.675140
16.581007
16.811218
16.677061
16.650806
16.655289
16.754227
16.652727
16.689548
16.621349
16.619108
16.669058
16.642483
16.685066
16.731173
16.663614
16.668737
16.654970
16.743660
16.606302
16.704597
16.879738
16.516649
16.633198
16.642483
16.691151
16.795851
16.652727
16.625193
16.731173
16.688910
16.601500
16.712603
16.780161
16.561476
16.616226
16.702356
16.783363
16.614626
16.665535
16.612705
16.698833
16.708759
16.816021
16.539063
16.710682
16.639921
16.616867
16.714523
16.672579
16.692430
16.615908
16.716124
16.666817
16.622631
16.690510
16.788805
16.588692
16.691790
16.794569
16.580366
16.674820
16.685066
16.652088
16.793928
16.664255
16.566919
16.694031
16.867250
16.425077
16.841316
16.528498
16.620710
16.750063
16.707159
16.590933
16.731173
16.662014
16.636078
16.694351
16.823065
16.549309
16.752625
16.633837
16.603100
16.685066
16.750704
16.623911
16.689548
16.664576
16.640881
16.703318
16.753906
16.594774
16.672579
16.688589
16.680904
16.719967
16.788486
16.535221
16.707800
16.710682
16.565958
16.865971
16.632877
16.644724
16.609503
16.692751
16.764153
16.565317
16.826267
16.561476
16.698833
16.633516
16.772156
16.669378
16.708120
16.532019
16.754547
16.684425
16.584848
16.652088
16.758709
16.622631
16.705879
16.685707
16.723808
16.648245
16.702356
16.599897
16.683466
16.752625
16.587090
16.656570
16.730852
16.641201
16.693712
16.658812
16.659132
16.714203
16.764471
16.597336
16.694992
16.796490
16.519852
16.746222
16.742699
16.532339
16.648565
16.739498
16.741419
16.534901
16.792007
16.640881
16.756788
16.560835
16.748142
16.641201
16.803215
16.572042
16.592854
16.735334
16.623272
16.820824
16.575243
16.648245
16.647924
16.872374
16.459658
16.735975
16.706839
16.587090
16.735016
16.673861
16.775038
16.562757
16.741098
16.581968
16.691790
16.696913
16.730852
16.612064
16.728291
16.618469
16.657850
16.807697
16.595415
16.654329
16.803215
16.723488
16.496479
16.700756
16.627113
16.658491
16.840675
16.534260
16.694992
16.672258
16.674501
16.760309
16.643122
16.619749
16.689869
16.699795
16.652409
16.626793
16.730852
16.674501
16.689228
16.639921
16.697554
16.657211
16.782402
16.728611
16.595095
16.745901
16.592213
16.730532
16.668737
16.635118
16.661694
16.698195
16.740137
16.686668
16.583889
16.616867
16.688269
16.683466
16.632877
16.741098
16.740137
16.549309
16.769915
16.685387
16.643763
16.704277
16.739498
16.609503
16.686987
16.772797
16.549950
16.720287
16.708759
16.512487
16.755827
16.755507
16.652088
16.576525
16.726690
16.605661
16.751986
16.632877
16.703318
16.724129
16.748783
16.588692
16.618149
16.649527
16.635757
16.815701
16.611423
16.641521
16.828188
16.547388
16.641201
16.702036
16.817942
16.575243
16.725410
16.576204
16.821144
16.587090
16.676422
16.598938
16.739498
16.698515
16.601500
16.755827
16.770235
16.509605
16.733414
16.605982
16.747183
16.660412
16.836514
16.578766
16.616547
16.641842
16.589012
16.787846
16.710682
16.601500
16.817942
16.625193
16.660412
16.600538
16.708120
16.697554
16.695953
16.579727
16.726370
16.678984
16.727011
16.551870
16.746542
16.617188
16.686348
16.727331
16.789446
16.529137
16.712603
16.696592
16.678984
16.637680
16.696592
16.612705
16.732134
16.631916
16.682184
16.658812
16.811859
16.545467
16.699474
16.664894
16.666176
16.694351
16.675461
16.659773
16.767673
16.567240
16.670338
16.687948
16.757427
16.616867
16.694351
16.766394
16.579407
16.820503
16.569801
16.675140
16.700756
16.706518
16.666176
16.616226
16.784964
16.570120
16.610144
16.676743
16.642483
16.729893
16.703318
16.727970
16.657211
16.754227
16.518892
16.715485
16.775358
16.589651
16.678022
16.701395
16.668737
16.627434
16.936090
16.402985
16.764791
16.586130
16.690510
16.801933
16.671299
16.581648
16.762871
16.597977
16.650806
16.696274
16.640881
16.686348
16.716444
16.735334
16.551229
16.718685
16.723808
16.711962
16.701077
17.120516
16.101053
16.701715
16.715485
16.619429
16.605341
16.655609
16.751345
16.651127
16.755507
16.573322
16.683786
17.412844
15.906381
16.797131
16.615587
16.616226
16.688910
16.697233
16.618149
16.731493
16.751024
16.532339
16.705559
16.638319
16.717085
16.689228
16.872053
16.450373
16.748463
16.727652
16.588051
16.652409
16.679623
16.711000
16.759029
16.589333
16.709721
16.666176
16.696274
16.773438
16.626472
16.615267
16.737257
16.589012
16.691151
17.128521
16.148119
16.782402
16.564358
17.117954
16.270109
16.653688
16.635439
16.681545
16.743660
16.678984
16.674501
16.698833
16.757109
16.517611
16.667776
16.738857
16.703957
16.668417
16.622311
16.792328
16.564037
16.650806
16.773758
16.606302
16.728931
16.621349
16.779840
16.628393
16.700756
16.657530
16.621990
16.632877
16.694992
16.796490
16.639921
16.630316
16.659452
16.697554
16.617828
16.748783
16.703318
16.742699
16.678343
16.574923
16.832031
16.628714
16.592533
16.776638
16.567240
16.682825
16.659773
16.681545
16.687948
16.669058
16.664576
16.694992
16.660732
16.660091
16.698195
16.662014
16.658812
16.676422
16.679304
16.667137
16.681545
16.700115
16.637039
16.677061
16.677702
16.607262
16.735016
17.181671
16.134031
16.693712
16.708441
16.699474
16.712603
16.601500
16.741419
16.551870
16.633837
16.696592
16.744301
16.631596
16.630316
16.747501
16.663935
16.693712
16.706518
16.598618
16.649206
16.653048
16.719967
16.706518
16.722849
16.583569
16.678984
16.643122
16.668417
16.758389
16.709400
16.652727
16.659773
16.677382
16.632236
16.696913
16.673861
16.720608
16.655289
16.647924
16.646324
16.707800
16.734055
16.718685
16.633837
16.587090
16.738537
16.664894
16.747822
16.608543
16.681545
16.678343
16.731173
16.674181
16.678663
16.646004
16.665535
16.697874
16.670017
16.671940
16.757109
16.562757
16.712923
16.743660
16.620710
16.684425
16.663294
16.708759
16.662973
16.649527
16.654970
16.627434
16.714523
16.766073
16.620390
16.643442
16.706518
16.608543
16.716124
16.653048
16.624231
16.639921
16.723808
16.678022
16.714203
16.635757
16.677061
16.621670
16.672899
16.795851
16.629995
16.901831
16.391459
16.742699
16.656570
16.648565
16.692110
16.654329
16.696592
16.641521
16.724129
16.657850
16.674820
16.713243
16.638319
16.644724
16.804815
16.692110
16.608864
16.623272
16.656570
16.715164
16.633198
16.683786
16.700436
16.654329
16.700115
16.689869
16.673540
16.764791
16.586771
16.729252
16.703638
16.648245
16.642162
16.773758
16.615587
16.579086
16.756468
16.604061
16.666496
16.721567
16.755507
16.685707
16.694351
16.592854
16.643763
16.701395
16.702997
16.589651
16.707800
16.718365
16.599577
16.786884
16.750704
16.633837
16.630955
16.737257
16.620710
16.625513
16.713882
16.660091
16.690510
16.664576
16.961065
16.385056
16.805775
16.591253
16.683786
16.577805
16.893185
16.480150
16.746862
16.568520
16.817623
16.613667
16.585489
16.800653
16.662653
16.684107
16.613985
16.566919
16.765432
16.718046
16.680584
16.594774
16.741419
16.663294
16.743660
16.632557
16.612705
16.675461
16.722208
16.596056
16.765753
16.686348
16.699795
16.655930
16.650806
16.679943
16.705879
16.594454
16.745260
16.734055
16.602459
16.827549
16.459017
16.810898
16.690510
16.613346
16.604061
16.770235
16.638960
16.819864
16.556673
16.651768
16.644083
16.615267
16.734375
16.631596
16.857965
16.491997
16.837473
16.580366
16.664255
16.801613
16.530739
16.727652
16.656250
16.683786
16.698833
16.652727
16.824347
16.547709
16.640881
16.705559
16.683146
16.654970
16.652088
16.732134
16.598297
16.691471
16.693712
16.758389
16.630316
16.740458
16.579727
16.631275
16.734375
16.603741
16.758709
16.622311
16.700115
16.765432
16.579727
16.694351
16.826908
16.604700
16.609823
16.638639
16.787525
16.599257
16.711962
16.726049
16.644403
16.503843
16.803215
16.606302
16.686028
16.707159
16.672579
16.713243
16.905672
16.465740
16.692751
16.596376
16.657530
16.645044
16.706518
16.666817
16.783363
16.736937
16.567879
16.600859
16.745581
16.643442
16.744621
16.603100
16.666496
16.655289
16.655609
16.824987
16.628714
16.600538
16.681545
16.750383
16.678663
16.675140
16.777920
16.621990
16.555393
16.687948
16.652409
16.738857
16.786245
16.558273
16.768955
16.703638
16.479189
16.680264
16.779200
16.693392
16.714523
16.481750
16.792328
16.679623
16.665535
16.580366
16.792328
16.606621
16.720926
16.550909
16.743019
16.804174
16.505444
16.640242
16.798731
16.745581
16.572042
16.787205
16.712603
16.529778
16.727652
16.792328
16.498400
16.681225
16.649527
16.654970
16.625834
16.737257
16.726690
16.654970
16.670979
16.578445
16.810898
16.587730
16.751024
16.583569
16.719967
16.677382
16.634478
16.718046
16.643763
16.684107
16.662653
16.646324
16.699474
16.677702
16.790407
16.597015
16.656250
16.634798
16.731493
16.694031
16.713243
16.654009
16.592213
16.716764
16.709721
16.711000
16.711000
16.719006
16.541945
16.759668
16.737257
16.580046
16.891264
16.589333
16.548347
16.651447
16.674820
16.692110
16.693712
16.667137
16.677382
16.642162
16.630636
16.698195
16.807056
16.562757
16.678984
16.815062
16.468622
16.824026
16.636719
16.733093
16.602779
16.616226
16.664576
16.709721
16.739498
16.745581
16.624552
16.633837
16.697233
16.678984
16.698833
16.611744
16.687948
16.591574
16.769594
16.717085
16.634478
16.812180
16.577166
16.546747
16.719326
16.748142
16.545467
16.776958
16.734375
16.599257
16.591894
16.711000
16.711000
16.625834
17.001087
16.425077
16.694031
16.707159
16.617828
16.692110
17.015495
16.330624
16.723167
16.641842
16.805775
17.559166
15.613093
16.657530
16.663294
16.777279
16.664255
16.584209
16.665215
16.662973
16.780802
16.577166
16.791687
16.569160
16.644724
16.723167
16.612705
16.849001
16.688269
16.611423
16.600859
16.681864
16.750063
16.672579
16.659773
16.700756
16.567879
16.698515
16.708120
16.604380
16.727011
16.608543
16.829149
16.636398
16.589012
16.652088
16.739178
16.649847
30.351446
2.937361
16.734055
16.661694
16.688589
16.691151
16.634798
16.681225
16.732775
16.635118
16.731173
16.613985
16.697554
16.750383
16.623272
16.639921
16.691151
16.711321
16.722528
16.651447
17.202803
16.164448
16.769915
16.580046
16.614305
16.608864
16.720608
16.808018
16.632877
16.562757
16.752945
16.597336
16.811859
16.579086
16.714203
16.736937
16.566919
16.688589
16.804495
16.715164
16.547709
16.742380
16.596056
16.805456
16.552511
16.693392
16.905033
16.423157
16.613985
16.674820
16.650167
16.759668
16.704277
16.587090
16.673861
16.741739
16.676102
16.721888
16.677061
16.642162
16.690510
16.613667
16.716124
16.800333
16.602459
16.709721
16.592213
16.652727
16.609503
16.787525
16.720926
16.629354
16.607262
16.676102
16.762871
16.575243
16.704597
16.730532
16.595415
16.690510
16.690510
16.653368
16.815062
16.610785
16.624872
16.723488
16.669378
16.652088
16.762871
16.588051
16.675781
16.681225
16.629354
16.745901
16.619429
16.706518
16.724129
16.647924
16.784643
16.636078
16.635118
16.654970
16.664576
16.701395
16.646324
16.750063
16.641842
16.613667
16.686987
16.654970
16.669697
16.724770
16.684746
16.582287
16.714844
16.669378
16.632877
16.793928
16.896067
16.514729
16.755186
16.441088
16.740458
16.643442
16.832352
16.533300
16.806095
16.549309
16.755186
16.611105
16.676102
16.609182
16.678984
16.865330
16.658171
16.511528
16.739819
16.713562
16.615267
16.648565
16.731493
16.737577
16.608223
16.667776
16.664894
16.684425
16.691151
16.684107
16.767673
16.672258
16.575884
16.624552
16.784643
16.654650
16.647924
16.616226
16.688269
16.739498
16.856045
16.481430
16.761271
16.586451
16.673540
16.597336
16.715805
16.719967
16.698515
16.672899
16.633516
16.741739
16.628075
16.622311
16.814741
16.686348
16.642803
16.550591
16.683786
16.775999
16.667456
16.647924
16.670658
16.668097
16.660412
16.684425
16.784323
16.617508
16.604061
16.660091
16.660091
16.711641
16.748142
16.736937
16.558594
16.657530
16.686668
16.677061
16.694672
16.726690
16.704277
16.653688
16.579407
16.830750
16.698515
16.591894
16.682184
16.658491
16.667456
16.724770
16.694992
16.541945
16.666496
16.686348
16.693712
16.660732
16.899269
16.480789
16.725729
16.637039
16.686668
16.769594
16.605021
16.698833
16.595095
16.666496
16.646645
16.695633
16.735016
16.712923
16.606302
16.680904
16.746862
16.572681
16.769915
16.704277
16.696274
16.520813
16.711641
16.693071
16.739819
16.627434
16.679623
16.647924
16.708759
16.686348
16.756788
16.522093
16.731493
16.817942
16.446529
16.710361
16.814421
16.550270
16.688269
16.646645
16.637039
16.763512
16.641842
16.672579
16.668417
16.712923
16.582607
16.823065
16.601818
16.652727
16.646324
16.808018
16.521454
16.746222
16.698515
16.686668
16.593815
16.665535
16.710361
16.676422
16.747501
16.565958
16.734055
16.686028
16.675461
16.700756
16.605021
16.705559
16.657211
16.663294
16.759029
16.694031
16.570440
16.722528
16.702997
16.589012
16.632557
16.782722
16.647285
16.676102
16.775999
16.619429
16.574604
16.828508
16.619108
16.609182
16.825947
16.613985
16.732454
16.633516
16.633516
16.720287
16.588051
16.621990
16.688269
16.732775
16.633516
16.737257
16.625193
16.686987
16.680264
16.755507
16.582607
16.770876
16.608864
16.673540
16.666496
16.808977
16.648886
16.630316
16.746222
16.555073
16.686987
16.747501
16.566278
16.683146
16.768635
16.649206
16.755507
16.541304
16.629034
16.661053
16.862768
16.539703
16.710041
16.739819
16.660091
16.581648
16.682505
16.678984
16.656891
16.749744
16.596056
16.726370
16.671940
16.703638
16.616547
16.861488
16.483351
16.773117
16.628714
16.622631
16.809298
16.625513
16.626472
16.669697
16.793289
16.792007
16.524014
16.744301
16.582287
16.597656
16.756147
16.600218
16.643763
16.883579
16.522093
16.677061
16.793928
16.612705
16.727652
16.763832
16.522734
16.731173
16.605341
16.700436
16.591253
16.825947
16.609823
16.665855
16.827229
16.586771
16.551229
16.794889
16.635118
16.953060
16.524334
16.555393
16.856365
16.561476
16.698515
16.541304
16.735334
16.676102
16.644724
16.757109
16.596056
16.682505
16.622631
16.764471
16.572681
16.800653
16.547709
16.778881
16.682825
16.646004
16.690830
16.744942
16.516649
16.772156
16.701395
16.701715
16.508326
16.813139
16.580046
16.705879
16.744621
16.573002
16.746222
16.680904
16.638960
16.671299
16.669378
16.633516
16.784323
16.743019
16.523375
16.673220
16.729252
16.675781
16.715485
16.732775
16.675140
16.696274
16.621990
16.670658
16.689228
16.688589
16.664255
16.676743
16.649527
16.671619
16.832031
16.458376
16.684107
16.646004
16.688589
16.668417
16.681545
16.682825
16.645044
16.665855
16.688269
16.687307
16.655289
16.692430
16.597977
16.762550
16.606941
16.780802
16.650167
16.742380
16.692751
16.612705
16.585810
16.656891
16.673220
16.864368
16.568199
16.672258
16.760950
16.567240
16.701715
16.775038
16.579086
16.613026
16.816662
16.516649
16.812500
16.638319
16.608543
16.689228
16.658491
16.667776
16.698515
16.840675
16.551870
16.684746
16.693712
16.606941
16.658491
16.769594
16.556353
16.750704
16.689548
16.626793
16.736937
16.699154
16.637039
16.702356
16.573643
16.675461
16.701077
16.767673
16.562757
16.738537
16.619429
16.817623
16.564358
16.691151
16.737257
16.582928
16.723488
16.649527
16.709721
16.684107
16.617188
16.677061
16.676102
16.788166
16.534260
16.777279
16.702356
16.675461
16.654009
16.581648
16.748783
16.796490
16.538103
16.717405
16.661373
16.673540
16.935129
16.440447
16.672899
16.722849
16.616226
16.582928
16.782082
16.691471
16.741098
16.569481
16.610464
16.754227
16.742380
16.570120
16.617508
16.712923
16.630636
16.684107
16.701077
16.681225
16.654970
16.729893
16.702677
16.597656
16.685707
16.868853
16.575563
16.776320
16.526575
16.646004
16.755186
16.705879
16.639280
16.670017
16.697874
16.643763
16.686028
16.677702
16.673861
16.691790
16.662014
16.685066
16.688910
16.825306
16.535862
16.657211
16.629995
16.716124
16.679943
16.668097
16.749744
16.581007
16.689548
16.736296
16.592854
16.706518
16.777920
16.501602
16.697874
16.681545
16.677382
16.701715
16.754547
16.577805
16.677382
16.764791
16.540983
16.727011
16.742380
16.577166
16.772156
16.625193
16.651447
16.711321
16.588371
16.726690
16.664255
16.673220
16.646004
16.868212
16.718046
16.510246
16.665215
16.565638
17.304621
16.085684
16.823385
16.563076
16.669378
16.640881
16.671940
16.721888
16.681864
16.576845
16.694992
16.680904
16.700115
16.647924
16.645365
16.712603
16.667776
16.701395
16.669058
16.749424
16.569801
16.725090
16.662653
16.595095
16.729572
16.736937
16.647606
16.615267
16.678984
16.667137
16.775358
16.690830
16.617508
16.671940
16.628075
16.628714
16.691471
16.877817
16.433403
16.639921
16.697233
16.678343
16.707800
16.710682
16.705879
16.652409
16.720287
16.579086
16.725090
16.646965
16.604380
16.740458
16.653688
16.780481
16.688589
16.611744
16.979635
16.302448
16.654970
16.699154
16.707800
16.786884
16.703318
16.548347
16.646004
16.668737
16.715164
16.780161
16.675140
16.662973
16.656250
16.637039
16.674501
16.684746
16.706518
16.630316
16.683146
16.789766
16.561476
16.686348
16.659452
16.706198
16.702036
16.596697
16.713562
16.650486
16.748463
16.599897
16.684746
16.659773
16.722849
16.687307
16.653368
16.641842
16.672258
16.778881
16.565638
16.675140
16.701715
16.678022
16.771196
16.512167
16.694672
16.766714
16.601818
16.634478
16.664894
16.612705
16.743980
16.775358
16.543226
16.637360
16.708441
16.656570
16.715164
16.718365
17.239624
16.050144
16.630955
16.691151
16.688589
16.710361
16.732134
16.796169
16.537462
16.667776
16.613985
16.829470
16.618149
16.581968
16.678022
16.809938
16.579407
16.732134
16.650806
16.619749
16.670338
16.673861
16.706198
16.715805
16.667137
16.639280
16.764471
16.601179
16.660412
16.736937
16.733093
16.637360
16.681545
16.732134
16.632557
16.637680
16.673861
16.705559
16.637360
16.724129
16.690510
16.650167
16.673220
16.765112
16.594454
16.646965
16.712923
16.683146
16.616547
16.684425
16.603741
16.706839
16.661053
16.790728
16.559235
16.723808
16.650486
16.725090
16.631275
16.736937
16.621670
16.667776
16.698833
16.637680
16.692430
16.649206
16.571722
16.751024
16.678663
16.736616
16.597336
16.829470
16.556993
16.680584
16.593815
16.685066
16.762550
16.659452
16.734055
16.574604
16.650167
16.647606
16.757109
16.679623
16.610464
16.742699
16.710361
16.543545
16.763191
16.665535
16.626793
16.769915
16.589012
16.735975
16.654970
16.715485
16.708441
16.574284
16.775999
16.575243
16.774397
16.621349
16.700436
16.570120
16.785925
16.617828
16.823385
16.570761
16.613026
16.730532
16.675140
16.586130
16.760309
16.729572
16.638319
16.594135
16.719967
16.633837
16.685707
16.832031
16.616867
16.730532
16.623911
16.668737
16.682825
16.790087
16.732775
16.481110
16.678022
16.673220
16.806095
16.505444
16.650167
16.726690
16.577805
16.720608
16.780802
16.654650
16.743980
16.544827
16.723808
16.629354
16.663935
16.750383
16.730532
16.607262
16.556673
16.788805
16.844519
16.545786
16.628714
16.591894
16.790407
16.633198
16.676422
16.687948
16.608543
16.740137
16.638000
16.775358
16.612064
16.771517
16.515049
16.716764
16.674820
16.669697
16.681225
16.786564
16.634157
16.624552
16.642483
16.660091
16.661373
16.793928
16.588051
16.744942
16.709721
16.623911
16.658491
16.728931
16.595095
16.790407
16.817623
16.430521
16.667137
16.711641
16.644724
16.698195
16.661694
16.690510
16.557953
16.736296
16.599257
16.662653
16.652088
16.748142
16.711962
16.690510
16.652409
16.634157
16.618788
16.748142
17.517862
15.888451
16.612385
16.651447
16.654970
16.776320
16.625834
16.737577
16.568520
16.703318
16.741419
16.687948
16.626793
16.774397
16.594135
16.684425
16.727331
16.556673
16.651447
16.747501
16.670658
16.647924
16.761591
16.571722
16.682184
16.715164
16.681225
16.676102
16.667776
16.654650
16.694031
16.754547
16.591894
16.635118
16.790087
16.636719
16.734055
16.718685
16.586130
16.639280
16.689228
16.639921
16.643442
16.816662
16.587090
16.787846
16.560196
16.780481
16.660732
16.717405
16.629354
16.807056
16.561796
16.578125
16.691790
16.767994
16.544827
16.712603
16.603741
16.737896
16.826588
16.580687
16.657211
16.591253
16.652088
16.817623
16.612385
16.659132
16.734055
16.609182
16.642803
16.722849
16.788805
16.651127
16.647606
16.710041
16.603741
16.644083
16.785925
16.552511
16.743019
16.614626
16.682825
16.819223
16.610144
16.738216
16.653688
16.675140
16.500000
16.754547
16.709080
16.752945
16.525616
16.748142
16.582607
16.656570
16.698195
16.876535
16.483671
16.681225
16.651447
16.702997
16.663935
16.725090
16.674820
16.617188
16.687948
16.662973
16.715485
16.752304
16.581648
16.681864
16.773758
16.727970
16.668097
16.666176
16.543865
16.727652
16.607262
16.674820
16.747501
16.706839
16.646645
16.697874
16.623590
16.677061
16.619429
16.821785
16.622952
16.571722
16.869492
16.704277
16.457737
16.732454
16.681545
16.706839
16.621031
16.610785
16.760950
16.686348
16.757109
16.729893
16.484312
16.680264
16.683786
16.681225
16.684425
16.647285
16.686348
16.734055
16.631275
16.762230
16.556032
16.742699
16.642483
16.704918
16.683786
16.643122
16.698195
16.822105
17.460550
15.820572
16.524975
16.649527
16.701715
16.637039
16.702036
16.667137
16.747183
16.694992
16.590612
16.675140
16.684107
16.805775
16.615267
16.775679
16.505123
16.659132
16.714523
16.613985
16.773117
16.774717
16.550270
16.648245
16.826908
16.538424
16.681545
16.696913
16.641201
16.736296
16.737577
16.601179
16.579407
16.732775
16.669697
16.682184
16.665535
16.715164
16.637680
16.836193
16.808336
16.379932
16.760950
16.566599
16.689869
16.738857
16.589972
16.683466
16.713562
16.655289
16.677702
16.673861
17.146450
16.431801
16.404905
16.700115
16.664576
16.728931
16.671940
16.584209
16.765112
16.623272
16.722849
16.637360
16.775679
16.603420
16.637039
16.718046
16.636398
16.663935
16.633198
16.686987
16.712603
16.746542
16.658812
16.636398
16.571722
16.766714
16.539063
16.821465
16.647285
16.658812
16.616867
16.735334
16.739178
16.549309
16.710361
17.031824
16.400423
16.609823
16.664894
16.679623
16.673861
16.686348
16.682184
16.606621
16.767994
16.530098
16.667776
16.866610
16.711641
16.563717
16.625513
16.713882
16.635757
16.787525
16.715164
16.646645
16.630316
16.673540
16.592213
16.781441
16.700115
16.577484
16.649206
16.644083
16.701077
16.765432
16.770876
16.647285
16.697233
17.157337
16.025169
16.713882
16.686348
16.585810
16.691151
16.705238
16.623272
16.775999
16.729572
16.640560
16.608864
16.772797
16.810259
16.513769
16.718046
16.601818
16.622311
16.797131
16.770235
16.506725
16.754227
16.695313
16.522413
16.619108
16.751986
16.727652
16.710041
16.633837
16.557953
16.688589
16.796169
16.727011
16.590612
16.670338
16.583889
16.747183
16.660091
16.818262
16.600538
16.711000
16.681225
16.651768
16.671619
16.628714
16.708120
16.629034
16.710041
16.684107
16.637039
16.759350
16.613026
16.665535
16.672258
16.687948
16.673861
16.671619
16.729893
16.645044
16.686348
16.620070
16.660091
16.782082
16.720608
16.573002
16.667456
16.661053
16.667776
16.779200
16.662014
16.624872
16.672899
16.781761
16.554752
16.710682
16.668737
16.676743
16.653688
16.728931
16.681225
16.664894
16.728611
16.586771
16.673220
16.763191
16.585489
16.633516
16.678343
16.775999
16.588692
16.683146
16.857645
16.632557
16.631275
16.725729
16.640242
16.555073
16.644724
16.793289
16.581327
16.669697
16.643442
16.837154
16.547388
16.793928
16.551229
16.718365
16.603420
16.708120
17.073448
16.327421
16.613346
16.761271
16.659132
16.694031
16.690830
16.629995
16.688910
16.676102
16.646965
16.713562
16.690189
16.598618
16.768635
16.645044
16.635118
16.767033
16.603100
16.727970
16.599257
16.627434
16.699154
16.696592
16.638319
16.746542
16.778561
16.598938
16.713562
16.645044
16.654329
16.670017
16.692430
16.628393
16.764153
16.669378
16.564358
16.725729
16.689869
16.789766
16.589972
16.551870
16.731173
16.777279
16.678663
16.742699
16.541945
16.750704
16.687628
16.619429
16.759989
16.566599
16.613346
16.734055
16.601179
16.686348
16.784323
16.810259
16.514090
16.708759
16.538742
16.829149
16.531698
16.740458
16.675140
16.671619
16.687948
16.637360
16.634478
16.786245
16.594135
16.653368
16.673220
16.748463
16.650486
16.632557
16.656250
16.733414
16.705238
16.707479
16.610464
16.652088
16.681545
16.724770
16.635118
16.789446
16.704918
16.617828
16.694992
16.581327
16.671940
16.729572
16.642483
16.697554
16.767994
16.583248
16.618149
16.726690
16.604700
16.711321
16.709721
16.866610
16.479509
16.680264
16.677382
16.657850
16.667456
16.649206
16.708441
16.636719
16.738537
16.520172
16.736937
16.702356
16.739178
16.934488
16.319418
16.685066
16.642803
16.702036
16.760630
16.675781
16.607582
16.798412
16.637360
16.610464
16.652088
16.660732
16.742060
16.679304
16.698833
16.574284
16.653368
16.717405
16.768955
16.633198
16.632877
16.721888
17.236742
16.188143
16.554432
16.560196
16.665535
16.746542
16.793928
16.678022
16.653048
16.694351
16.628714
16.564678
16.765112
16.656570
16.666496
16.665535
16.717405
16.500641
16.767994
16.801613
16.521133
16.646965
16.733414
16.673861
16.727652
16.690510
16.655930
16.640560
16.624872
16.668737
16.678022
16.700756
16.660732
17.198961
16.333826
16.471504
16.685707
16.673220
16.642483
16.779200
16.861807
16.363283
16.751024
16.648565
16.743660
16.659773
16.697874
16.597656
16.720926
16.662653
16.727011
16.571722
16.720608
16.750063
16.733414
16.642162
16.669697
17.089138
16.172773
16.828508
17.112190
16.636719
17.057119
15.715232
16.694992
16.677382
16.697233
16.655289
16.677382
16.700756
16.589333
16.669378
16.735334
16.607582
16.626793
16.810898
16.634798
16.612064
17.141327
16.225283
16.738857
16.585489
16.707159
16.711000
16.761591
16.527536
16.843878
16.652409
16.583248
16.758389
16.683786
16.571402
16.654329
16.708759
16.693712
16.633198
16.880379
16.467022
16.704918
16.677702
16.607262
16.826588
16.711321
16.662014
16.645365
16.665215
16.778881
16.564037
16.686668
16.662973
16.671619
16.589651
16.667776
16.649847
16.764791
16.652727
16.652088
16.674181
16.868853
16.569801
16.709721
16.612705
16.589972
16.725410
16.675461
16.720926
16.695313
16.656250
16.669697
16.638639
16.711641
16.728291
16.617188
16.713562
16.764153
16.480150
16.830429
16.544186
16.810577
16.548347
16.715485
16.767353
16.548668
16.683466
16.797771
16.531698
16.670658
16.589972
16.699795
16.692430
16.710361
16.819864
16.519531
16.697233
16.652727
16.786564
16.573322
16.711641
16.626152
16.708441
16.751986
16.647285
16.738857
16.568199
16.733093
16.616547
16.736937
16.682505
16.660732
16.581007
16.719967
16.657211
16.740458
16.624872
16.722528
16.619108
16.671619
16.691151
16.634798
16.663614
16.810898
16.549950
16.715164
16.754227
16.684425
16.609182
16.692110
16.689548
16.692751
16.594135
16.771835
16.574923
16.695953
16.603420
16.712603
16.679943
16.663614
16.692110
16.704277
16.749424
16.633198
16.758068
16.552191
16.680264
16.727970
16.693392
16.721247
16.538742
16.783363
16.542265
16.737577
16.554432
16.807377
16.837473
16.442688
16.719006
16.684425
16.681545
16.670338
16.647285
16.756788
16.578445
16.738537
16.686348
16.669697
16.713243
16.654009
16.626152
16.740137
16.541945
16.745581
16.625834
16.661053
16.687307
16.753265
16.676102
16.793289
16.900549
16.302769
16.689228
16.796169
16.487513
16.775999
16.542265
16.667776
16.754547
16.770235
16.736296
16.698515
16.468622
16.641521
16.705238
16.742060
16.624231
16.649847
16.639921
16.685066
16.770235
16.755827
16.505444
16.848360
16.667456
16.591574
16.625834
16.741419
16.598938
16.685066
16.706198
16.725729
16.689228
16.626472
16.692110
16.757427
16.567560
16.781441
16.714523
16.608864
16.579086
16.822426
16.556993
16.750383
16.542265
16.743340
16.638639
16.673540
16.634157
16.815382
16.604061
16.899910
16.408749
16.883261
16.491997
16.635118
16.703318
16.775038
16.623272
16.720926
16.679943
16.547068
16.706518
16.706839
16.662973
16.780481
16.554111
16.662653
16.732454
16.699795
16.618788
16.655609
16.652088
16.800972
16.758068
16.704918
16.441727
16.670338
16.686028
16.664576
16.756788
16.781761
16.665535
16.581648
16.646004
16.708441
16.655609
16.867250
16.477589
16.702997
16.610785
16.675140
16.766073
16.692110
16.597336
16.709400
16.603100
16.805456
16.631916
16.710041
16.727970
16.600218
16.700115
16.934488
16.433723
16.646004
16.774717
16.618149
16.660412
16.688910
16.662653
16.659773
16.783363
16.609182
16.601818
16.652088
16.773438
17.303980
15.979063
16.631596
17.980848
15.387364
16.638960
16.766073
16.617828
16.610144
16.662653
16.813459
16.789766
16.490715
16.652727
16.706518
16.751665
16.676422
16.666176
16.706518
16.747501
16.487513
16.631275
16.684107
16.690189
16.848040
16.846119
16.418674
16.708120
16.654329
16.561476
16.813780
16.571402
16.681545
16.643122
16.792328
16.670658
16.695953
16.647924
16.636078
16.582607
16.830750
16.677382
17.153494
16.328703
16.615587
16.556673
16.629034
16.694031
16.677382
16.622952
16.688589
16.800653
16.603741
16.642162
16.727652
16.732134
16.571402
16.826588
16.566919
16.676102
16.711641
16.918159
16.392738
16.600859
16.744942
16.557634
16.768955
16.675781
16.752945
16.617508
16.605982
16.603741
16.784002
16.715805
16.540024
16.663294
16.729252
16.710361
16.672579
16.652088
16.620390
16.779520
16.620070
16.624552
16.740778
16.735016
16.643122
16.573963
16.770555
16.582287
16.741739
16.631275
16.749744
16.644403
16.775038
16.575563
16.649847
16.702036
16.647606
16.706198
16.650167
16.684107
16.745260
16.571402
16.654650
16.683466
16.703318
16.754866
16.754866
16.494877
16.714203
16.670017
16.654650
16.741739
16.722528
16.682825
16.702997
16.636398
16.562757
16.688589
16.791687
16.555712
16.724449
16.697233
16.656891
16.693071
16.763832
16.637039
16.606621
16.845478
16.568840
16.742060
16.620070
16.572363
16.735016
16.723808
16.611744
16.667137
16.735016
16.587730
16.792648
16.762230
16.514408
16.752304
16.622952
16.883579
16.449411
16.701395
16.716124
16.615587
16.755827
16.665215
16.583889
16.727970
16.670338
16.658812
16.687948
16.760950
16.593494
16.665855
16.670658
16.590933
16.759989
16.660412
16.635757
16.700436
16.721888
16.632557
16.666496
16.600538
16.817942
16.566278
16.688269
16.669058
16.719326
16.683466
17.154455
16.232647
16.668737
16.583889
16.711321
16.609182
16.705238
16.680264
16.673220
16.658171
16.791048
16.795210
16.424118
16.745901
16.620390
16.849640
16.597336
16.587410
16.711962
16.753586
16.530418
16.812820
16.681864
16.579407
16.762230
16.832031
16.452293
16.706518
16.721567
16.678343
16.640242
16.752625
16.617188
16.646004
16.727011
16.730532
16.599577
16.609182
16.680904
16.652409
16.778881
16.615267
16.758068
16.560196
16.668417
16.678984
16.803854
16.770235
16.432121
16.663614
16.685066
16.654009
16.728611
16.668097
16.714203
16.677061
16.654650
16.765432
16.624231
16.646645
16.685387
16.607582
16.699154
16.772476
16.652409
16.694351
16.822744
16.546427
16.768314
16.551550
16.659773
16.666496
16.789446
16.475986
16.718365
16.709721
16.683466
16.707800
16.663935
16.644724
16.601500
16.786564
16.698195
16.612385
16.751345
16.626793
16.586451
16.657850
16.742060
16.704918
16.667137
16.701395
16.669378
16.753906
16.642483
16.627434
16.792969
16.561155
16.816662
16.541945
16.746542
16.522734
16.731493
16.684746
16.655930
16.677702
16.738537
16.653688
16.643122
16.710361
16.581648
16.730852
16.742380
16.569481
16.769594
16.585810
16.651768
16.683786
16.812820
16.549950
16.727331
16.613346
16.762550
16.664255
16.772797
16.581327
16.717405
16.590933
16.714203
16.661053
16.798412
16.588051
16.708759
16.557953
16.692430
16.708120
16.772797
16.577484
16.658171
16.708759
16.733093
16.683786
16.682184
16.654650
16.647285
16.679304
16.773117
16.478228
16.966827
16.445890
16.730213
16.620070
16.706198
16.705879
16.805456
16.464140
16.670658
16.670338
16.730852
16.689869
16.639601
16.652409
16.694351
16.682825
16.656570
16.720926
16.660091
16.693392
16.656891
16.674820
16.794889
16.566599
16.886461
16.621349
16.653368
16.587410
16.680904
16.665855
16.819223
16.483671
16.711641
16.651127
16.625193
16.738537
16.776320
16.528498
16.832991
16.573002
16.666817
16.704597
16.629034
16.621031
16.748463
16.792007
16.555712
16.711641
16.748463
16.612385
16.642162
16.772476
16.723167
16.640560
16.756468
16.498079
16.620070
16.762550
16.685387
16.568520
16.778561
16.627434
16.669058
16.620710
16.773758
16.557953
16.784323
16.590292
16.676422
16.666176
16.726690
16.769594
16.677061
16.598297
16.754227
16.593815
16.755507
16.687628
16.732454
16.595736
16.618469
16.738216
16.626152
16.792648
16.685066
16.589651
16.634478
16.645365
16.677061
16.665855
16.809618
16.587410
16.702997
16.591574
16.743980
16.640560
16.826908
16.585810
16.718685
16.593174
16.708759
16.604380
16.724129
16.693071
16.679943
16.614946
16.686028
16.661373
16.750704
16.704277
16.658171
16.665215
16.578766
16.820824
16.681864
16.732775
16.578445
16.639921
16.586451
16.754547
16.698833
16.662973
16.681864
16.675461
16.720287
16.750704
16.623272
16.528177
16.767353
16.682184
16.649847
16.705238
16.641521
16.762871
16.658491
16.641842
16.710682
16.635757
16.800972
16.562117
16.674181
16.604061
16.680584
16.818583
16.686668
16.604700
16.621670
16.678984
16.675140
16.676422
16.773758
16.682505
16.586130
16.730213
16.565317
16.777279
16.680584
16.562437
16.748142
16.587410
16.761271
16.626793
16.889664
16.444609
16.667137
16.625193
16.713243
16.711000
16.655289
16.664894
16.733734
16.639280
16.660732
16.914639
16.537462
16.629354
16.630955
16.631916
16.672258
16.673861
16.734375
16.692110
17.034067
16.435965
16.598618
16.655289
16.760950
16.506725
16.748142
16.738216
16.692110
16.588371
16.691790
16.687307
16.675781
16.626152
16.748142
16.610144
16.743019
16.560196
16.672899
16.780161
16.550270
16.746222
16.740137
16.573322
16.729893
16.853163
16.538103
16.577805
16.799051
16.652409
16.630316
16.628393
16.721888
16.624231
16.784964
16.623272
16.640560
16.669378
16.738537
16.654650
16.668097
16.766714
16.691151
16.561155
16.726690
16.620710
16.745581
16.687307
16.606941
16.628075
16.913357
16.597977
16.563396
16.688910
16.693071
16.662014
16.653048
16.868212
16.546427
16.638319
16.751024
16.551870
16.828508
16.633198
16.621349
16.695633
16.666817
16.615267
16.690189
16.712923
16.775038
16.715805
16.511528
16.839396
16.538424
16.630316
16.851881
16.674820
16.763512
16.532019
16.724129
16.591253
16.918480
16.443008
16.689228
16.676102
16.706839
16.606941
16.692430
16.762871
16.587090
16.674820
16.716444
16.722528
17.166302
16.068714
16.647924
16.655930
16.699795
16.598618
16.792007
16.931608
17.025421
16.029972
16.629034
16.616547
16.752625
16.621031
16.745581
16.687628
16.710361
16.641842
16.646324
16.745581
16.715485
16.537462
16.604061
16.824026
16.593174
16.718685
16.555712
16.680904
16.783363
16.680904
16.669378
16.653688
16.654329
16.788486
16.614946
16.615908
16.796810
16.587730
16.726370
16.540024
16.791687
16.721247
16.660732
16.665215
16.688589
16.568199
16.697554
16.765753
17.014536
16.224644
16.731173
16.821785
16.575563
16.676743
16.636719
16.690510
16.744942
16.594135
16.903431
16.498079
16.634798
16.679943
16.698515
16.950499
16.376089
16.697233
16.680584
16.659132
16.660412
16.649527
16.717405
16.549950
16.799692
16.624231
16.734375
16.622952
16.754866
16.564037
16.731173
16.811218
16.529457
16.664576
16.609182
16.657211
16.666496
16.715485
16.645365
16.671940
16.654329
16.679304
16.706839
16.645365
18.060894
15.287467
16.797771
16.647285
16.651127
16.691790
16.630955
16.629995
16.710361
16.656891
16.720287
16.760309
16.575243
16.640242
16.738857
16.599257
16.734375
16.672579
16.865009
16.517611
16.690510
16.730532
16.619749
16.695953
16.695953
16.553791
16.658171
16.751345
16.655289
16.711000
16.607903
16.651768
16.731493
16.740137
16.644403
16.663614
16.672579
16.810259
16.682184
16.589972
16.596376
16.731173
16.677382
16.670017
16.749744
16.678343
16.702677
16.539383
16.630955
16.695953
16.750383
16.609182
16.776638
16.631596
16.579407
16.694351
16.781122
16.541304
16.728611
16.742380
16.737896
16.523375
16.653368
16.756468
16.648565
16.645683
16.767033
16.685387
16.634157
16.610464
16.733414
16.629034
17.131083
16.180138
16.711321
16.735334
16.703318
16.622631
16.674181
16.667456
16.686668
16.709080
16.625513
16.799051
16.665855
16.601179
16.680264
16.672579
16.655609
16.629675
16.748142
16.667776
16.631275
16.672258
16.698833
16.699795
16.726049
16.555712
16.733414
16.707800
16.736616
16.629354
16.701077
16.634478
16.739178
16.811218
16.451012
16.712282
16.702997
16.587090
16.650167
16.750383
16.793289
16.532339
16.660412
16.674181
16.681864
16.839716
16.597977
16.676102
16.589012
16.708441
16.601818
16.964907
16.493277
16.691471
16.734695
16.534901
16.692430
16.851881
16.652409
16.527216
17.003328
16.429560
16.555712
16.734695
16.638960
16.824667
16.489115
16.652409
16.697233
16.750704
16.787205
16.635757
16.564678
16.725410
16.564358
16.749104
16.776320
16.546427
16.676743
16.663294
16.801613
16.702036
16.577484
16.684107
16.674820
16.612705
16.736616
16.810259
16.562437
16.642162
16.674181
16.790728
16.620710
16.733734
16.586451
16.775679
16.547068
16.622952
16.676743
16.779840
16.611105
16.744301
16.675461
16.607582
16.797451
16.568520
16.880058
16.519531
16.713562
16.527536
16.648886
16.735655
16.694672
16.884861
16.564037
16.552832
16.719006
16.650167
16.847399
16.527857
16.626152
16.875256
16.404905
16.697233
16.833311
16.514090
16.707800
16.644403
16.676422
16.751665
16.639280
16.691790
16.672258
16.717085
16.626152
16.764471
16.614946
16.633198
16.678343
16.774078
16.598938
16.762230
16.669058
16.629034
16.657211
16.670658
16.735016
16.613026
16.698833
16.870132
16.570440
16.587410
16.603420
16.767353
16.598938
16.672899
16.663935
16.665535
16.718046
16.695633
16.626793
16.748783
16.597977
16.730852
16.647285
16.817942
16.512167
16.719967
16.643442
16.784323
16.601500
16.809618
16.508646
16.741098
16.603741
16.764153
16.640881
16.768955
16.538742
16.748463
16.709400
16.623911
16.608223
16.807056
16.573643
16.688910
16.797771
16.548347
16.788486
16.657850
16.577166
16.770235
16.669378
16.594774
16.670658
16.832031
16.579727
16.606302
16.705879
16.650167
16.717405
16.849321
16.619749
16.620070
16.712603
16.554111
16.716764
16.695633
16.684107
16.629995
16.660732
16.814421
16.589012
16.858286
16.584209
16.533619
16.666496
16.688910
16.655289
16.791687
16.652409
16.660732
16.673540
16.674820
16.702677
16.766073
16.598618
16.639921
16.651127
16.686668
16.640242
16.931608
16.455175
16.721567
16.693392
16.576525
16.813780
16.636398
16.617508
16.886461
16.445570
16.666496
16.809938
16.804495
16.465101
16.695313
16.678022
16.818583
16.476307
16.814100
16.530739
16.773758
16.623272
16.611423
16.698195
16.859245
16.512808
16.716764
16.600218
16.711000
16.831070
16.749744
16.502562
16.653688
16.703957
16.672258
16.656250
16.826908
16.480469
16.736296
16.649527
16.674501
16.644083
16.845158
16.524014
16.680584
16.650806
16.754547
16.613346
16.736616
16.574604
16.727970
16.652088
16.711321
16.625513
16.753586
16.689548
16.602139
16.683786
16.704597
16.632877
16.798731
16.619749
16.633837
16.725090
16.669378
16.687628
16.669378
16.649527
16.674181
16.638000
16.685066
16.688269
16.785284
16.633198
16.692430
16.579086
16.728931
16.697554
16.695313
16.646965
16.702677
16.672258
16.674181
16.656570
16.721888
16.566919
16.763191
16.602139
16.734055
16.633516
16.757748
16.582607
16.696592
16.634157
16.732454
16.735975
16.638000
16.616867
16.743660
16.659773
16.668417
16.671940
16.792969
16.935129
16.299566
16.664576
16.635118
16.731813
16.811859
16.544506
16.687307
16.703957
16.674181
16.720926
16.781761
16.609503
16.666817
16.548347
16.737577
16.662653
16.704597
16.574604
16.670979
16.687948
16.670979
16.769915
16.756147
16.639280
16.550909
16.715164
16.620710
16.675781
16.751024
16.863089
16.502882
16.600538
16.824667
16.523695
16.790407
16.606941
16.706518
16.680584
16.679304
16.644083
16.813780
16.663614
16.619108
16.589972
16.728931
16.694672
16.678984
16.732775
16.745581
16.583889
16.647606
16.716124
16.683786
16.771517
16.694992
16.523695
16.838434
16.642483
16.628075
16.602459
16.729252
16.585169
16.617828
16.780802
16.643122
16.804815
17.059361
16.176296
16.660412
16.788805
16.655609
16.553150
16.781761
16.641842
16.617508
16.619429
16.814741
16.606621
16.606302
16.808977
16.758709
16.596697
16.665855
16.660412
16.809938
16.472786
16.597656
16.742699
16.680264
16.673220
16.851242
16.606302
16.550591
16.620710
16.797131
16.573002
16.763832
16.600538
16.664894
16.737577
16.847078
16.639921
16.518892
17.198320
16.148760
16.698515
16.702997
16.671619
16.651447
16.591253
16.873974
16.526575
16.780802
16.657850
16.570120
16.673540
16.686028
16.750704
16.672579
16.674820
16.601500
16.673861
16.669058
16.668417
16.946016
16.516010
16.585810
16.676422
16.689548
16.749104
16.666496
16.623590
16.728611
16.576845
16.747183
16.680584
16.728611
16.590612
16.829470
16.532980
17.019339
16.327421
16.797131
16.628393
16.832991
16.482071
16.606941
17.087536
16.330303
16.722528
16.620710
16.628075
16.681864
16.824026
16.680904
16.725410
16.578125
16.633198
16.595736
16.761591
16.735334
16.628393
16.625193
16.863089
16.526575
16.631596
16.784002
16.613985
16.843237
16.516649
16.668417
16.721888
16.621990
16.781122
16.684425
16.491356
16.713882
16.670979
16.741098
16.648565
16.625834
16.897989
16.512167
16.713562
16.827868
16.643122
16.618788
16.584848
16.758068
16.679623
16.686987
16.506725
16.840675
16.645683
16.623590
16.572042
16.828829
16.516970
16.824026
16.509605
16.838755
16.641842
16.596697
16.639601
16.623590
16.689228
16.748463
16.680264
16.747822
16.586771
16.773117
16.516970
16.690830
16.940573
16.538103
16.703957
16.579086
16.711321
16.649847
16.718365
16.700756
16.551229
16.771517
16.739819
16.605982
16.606621
16.697233
16.683466
16.727970
16.671299
16.663935
16.669697
16.727011
16.652409
16.648245
16.687628
16.603100
16.723808
16.743019
16.567240
16.718046
16.865971
16.410028
16.804495
16.635757
16.643442
16.590292
16.677382
16.870132
16.598938
16.612385
16.714203
16.615267
16.786884
16.485592
16.754866
16.686028
16.894146
16.435003
16.673220
16.619108
16.817303
16.621990
16.786564
16.541945
16.646324
16.643122
16.645365
16.731813
16.667137
16.769594
16.727652
16.543545
16.693392
16.727652
16.742060
16.550909
16.736616
16.606621
16.706518
16.756788
16.586130
16.810577
16.560514
16.638000
16.728291
16.665855
16.641521
16.631596
16.702997
16.784002
16.706839
16.596697
16.660412
16.625513
16.707479
16.663294
16.715805
16.683466
16.648886
16.742060
16.555712
16.742380
16.750704
16.573643
16.670338
16.702036
16.605021
16.709400
16.712603
16.670338
16.603741
16.735975
16.660091
16.637360
16.878777
16.618149
16.625834
16.640881
16.675781
16.637360
16.683786
16.874294
16.552832
16.678022
16.683466
16.624552
16.644403
16.780802
16.731173
16.609503
16.606621
16.697874
16.653368
16.819544
16.537142
16.830750
16.513769
16.692110
16.720926
16.691790
16.753265
16.521133
16.759350
16.617188
16.764153
16.738216
16.607262
16.664255
16.699795
16.551550
16.657530
16.832991
16.508966
16.654009
16.736296
16.727331
16.674181
16.729893
16.730213
16.547709
16.691790
16.594454
16.802574
16.619429
16.643122
16.621670
16.834593
16.604700
16.643442
16.682505
16.695953
16.794889
16.490715
16.692430
16.671299
16.865009
16.449732
16.681864
16.655930
16.678984
16.666817
16.749104
16.633837
16.677061
16.651768
16.652409
16.711321
16.776638
16.547709
16.693392
16.868532
16.516331
16.695633
16.679623
16.662334
16.771196
16.652088
16.570761
16.672579
16.763512
16.699154
16.583569
16.701077
16.638000
16.677702
16.859566
16.508005
16.815062
16.627754
16.642803
16.601179
16.698515
16.648245
16.766394
16.680264
16.873655
16.411631
16.747183
16.724449
16.517931
16.665855
16.708759
16.664576
16.722208
16.701395
16.637680
16.635118
16.832352
16.694351
16.586130
16.641521
16.654329
16.787205
16.625513
16.624231
16.769274
16.679304
16.713882
16.548668
16.694031
16.712923
16.647606
16.673861
16.971951
16.445570
16.675140
16.690830
16.572042
16.772476
16.569801
16.655289
16.741419
16.765432
16.720926
16.553471
16.677382
16.602139
16.769594
16.550270
16.912397
16.527857
16.693392
16.738857
16.602779
16.810898
16.819864
16.400743
16.682825
16.644724
16.688269
16.829470
16.501923
16.687628
16.649206
16.615587
16.780481
16.693071
16.681545
16.765112
16.587410
16.672579
16.600218
16.648565
16.680584
16.690830
16.697233
16.881020
16.659773
16.452614
16.765112
16.739498
16.740458
16.511208
17.091379
16.345352
16.681225
16.634798
16.648886
16.684107
16.695633
16.667137
16.686348
16.633837
16.621349
16.685387
16.671299
16.581007
16.901510
16.493277
16.677382
16.646645
16.772797
16.601179
16.690189
16.676102
16.791367
16.555712
16.696913
16.661373
16.677061
16.635439
16.791687
16.583569
16.665215
16.792648
16.636719
16.664576
16.701395
16.619108
16.739178
16.813459
16.516331
16.647285
16.690510
16.604380
16.748783
16.698515
16.672899
16.604700
16.699795
16.633198
16.732134
16.824347
16.548988
16.622952
16.757427
16.658171
16.582607
16.727331
16.717085
16.595736
16.696592
16.665535
16.676743
16.696913
16.736296
16.920080
16.484312
16.677061
16.644724
16.708759
16.679304
16.592854
16.685387
16.622311
16.639280
16.741419
16.740458
16.639280
16.721247
16.572042
16.716444
16.639280
16.704277
16.761591
16.654329
16.689548
16.775358
16.461899
16.745901
16.671940
16.702997
16.558273
16.710682
16.730532
16.680264
16.693712
16.597656
16.728931
16.722208
16.698515
16.614626
16.711641
16.672899
16.545147
16.782082
16.707800
16.652727
16.670338
16.664255
16.700756
16.662334
16.668097
16.715164
16.688910
16.640242
16.513449
16.805456
16.723808
16.628393
16.619429
16.895428
16.500961
16.581007
16.654970
16.728291
16.680904
16.749744
16.519211
16.741739
16.648886
16.953060
16.460619
16.625834
16.708120
16.636398
16.750063
16.719006
16.561476
16.671940
16.722208
16.781761
16.526575
16.773758
16.564037
16.673861
16.681225
16.761271
16.740458
16.613985
16.634798
16.624552
16.702036
16.656891
16.658491
16.825306
16.614305
16.626793
16.768635
16.669058
16.590292
16.750383
16.662014
16.594774
16.668417
16.733093
16.711321
16.621031
16.786564
16.567560
16.645683
16.679623
16.651768
16.785604
16.603100
16.662334
16.656250
16.698515
16.707479
16.680264
16.639601
16.669058
16.869812
16.542265
16.720608
16.762550
16.620070
16.767673
16.481430
16.809938
16.628075
16.747501
16.657850
16.749744
16.546106
16.698195
16.678343
16.635757
16.613346
16.957863
16.412910
16.820503
16.750383
16.535542
16.667776
16.595736
16.780802
16.723488
16.705879
16.531378
17.225216
16.131149
16.685387
16.678984
16.694672
16.642803
16.663935
16.856365
16.540024
16.628393
16.645683
16.730213
16.751665
16.550270
16.691790
16.733414
16.625513
16.680264
16.659132
16.587410
16.641521
16.712282
16.645365
16.806095
16.793289
16.595095
16.634478
16.745260
16.602779
16.667137
16.742380
16.544506
16.629675
16.741098
16.661694
16.743340
16.693712
16.587730
16.669058
16.709080
16.629354
16.709400
16.684746
16.694672
16.638319
16.671619
16.719967
16.620390
16.753586
16.724770
16.587410
16.672579
16.720926
16.694031
16.658171
16.694351
16.605661
16.704597
16.719967
16.612064
16.655930
16.778561
16.652409
16.627754
16.700756
16.722849
16.721247
16.733093
16.446529
17.171425
16.221121
16.708759
16.620070
16.789125
16.582287
16.725729
16.681545
16.782402
16.505444
16.789766
16.619429
16.694672
16.583569
16.826267
16.595415
16.604700
16.699154
16.623590
16.694672
16.805456
16.646004
16.696592
16.689548
16.590612
16.698833
16.735016
16.766394
16.700115
16.435965
16.728291
16.765753
16.590612
16.676102
16.625834
16.702356
16.680264
16.648245
16.706518
16.681225
16.631275
16.678984
16.738857
16.611105
16.864048
16.556032
16.647285
16.649206
16.674181
16.669697
16.780481
16.675140
16.618788
16.674820
16.651768
16.693392
16.850601
16.500641
16.639280
16.695633
16.762871
16.642803
16.710361
16.595415
16.671619
16.652727
16.722849
16.771196
16.611423
16.629995
16.824026
16.601818
16.721888
16.715485
16.610464
16.650806
16.735334
16.562437
16.822426
16.766394
16.485592
16.720608
16.659132
16.700436
16.643442
16.703638
16.621670
16.673861
16.738857
16.643442
16.711000
16.590933
16.730213
16.539383
16.682505
16.684107
16.684107
16.672579
16.710041
16.672258
16.620710
16.657211
16.689869
16.672899
16.826588
16.564037
16.650167
16.713243
16.614626
16.707159
16.736937
16.585169
16.741419
16.621031
16.709721
16.728611
16.980597
16.425077
16.993723
16.342470
16.715805
16.635118
16.664894
16.646004
16.702997
16.638960
16.692110
16.694672
16.670979
16.652088
16.649847
16.697874
16.698833
16.732454
16.686668
16.630636
16.644403
16.678984
16.739178
16.516331
16.828188
16.569481
16.715485
16.585489
16.733734
16.658812
16.745581
16.673540
16.575243
16.641521
16.745901
16.654970
16.711641
16.658491
16.690189
16.609503
16.665855
16.738857
16.808336
16.545147
16.684107
16.667456
16.640881
16.693712
16.739819
16.727331
16.760309
16.554432
16.574604
16.724770
16.840355
16.517290
16.628393
16.701715
16.644083
16.676422
16.816662
16.596376
16.643122
16.717085
16.629675
16.763512
16.745581
16.562757
16.646004
16.743980
16.649847
16.801292
16.564999
16.619429
16.693392
16.778881
16.623911
16.597977
16.710682
16.759989
16.568520
16.666496
16.715805
16.630316
16.940252
16.484953
16.642803
16.639601
16.679304
16.712603
16.743340
16.664894
16.616867
16.723808
16.699795
16.605341
16.802895
16.558914
16.637360
16.743660
16.660732
16.685387
16.704918
16.687307
16.616547
16.686348
16.640881
16.800972
16.924883
16.510887
16.576845
16.699795
16.674501
16.643763
16.713882
16.668097
16.643763
16.694031
16.639921
16.698515
16.693392
16.784002
16.676743
16.516970
16.658491
16.717405
16.656891
16.720608
16.678022
16.615267
16.612705
16.758389
16.589972
16.691151
16.629995
16.658491
16.701077
16.975153
16.359119
16.674501
16.640242
16.688269
16.689548
16.715164
16.702036
16.594454
16.802254
16.622631
16.617188
16.759989
16.637039
16.674501
16.638000
16.655930
16.742380
16.673861
16.619749
16.758068
16.644724
16.639921
16.697233
16.688269
16.692751
16.656891
16.656250
16.679943
16.835873
16.657530
16.537783
16.783684
16.585489
16.697554
16.670017
16.757427
16.533619
16.727331
16.696592
16.656570
16.706839
16.880699
16.423157
16.681545
16.749104
16.576845
16.796490
16.622952
16.629034
16.834272
16.554432
16.615908
16.758709
16.695313
16.603741
16.686028
16.640881
16.667776
16.661694
16.813139
16.605021
16.659452
16.653368
16.774397
16.580046
16.727652
16.593174
16.786884
16.582928
16.713243
16.623911
16.775038
16.611105
16.676743
16.668737
16.644724
16.746222
16.741098
16.691471
16.556032
16.663294
16.714844
16.669058
16.678343
16.689228
16.684746
16.639280
16.761911
16.745901
16.686348
16.560196
16.786245
16.592213
16.654650
16.816662
16.613667
16.606621
16.701395
16.645044
16.696592
16.720287
16.739178
16.511528
16.771517
16.624231
16.672579
16.679304
16.739498
16.594135
16.673540
16.719006
16.662334
16.703957
16.893505
16.400743
16.632877
16.677382
16.766073
16.751665
16.648565
16.611423
16.698195
16.622631
16.707159
16.630636
16.768955
16.568520
16.739819
16.704277
16.669058
16.590933
16.824987
16.592533
16.682825
16.688910
16.669058
16.680584
16.787525
16.582928
16.660412
16.594135
16.721247
16.638000
16.787205
16.547388
16.701077
16.670338
16.795851
16.549950
16.725090
16.676102
16.714203
16.613026
16.652409
16.712603
16.689548
16.686668
16.648245
16.676102
16.782722
16.555712
16.742699
16.704918
16.704918
16.671940
16.581648
16.669697
16.818583
16.752945
16.717085
16.384094
16.682505
16.763191
16.638319
16.675140
16.732134
16.761271
16.611423
16.705879
16.580687
16.625513
16.857645
16.501282
16.714203
16.734375
16.820503
16.559235
16.689228
16.676102
16.648245
16.630636
16.675461
16.697233
16.686668
16.667776
16.632557
16.775679
16.622631
16.668097
16.657850
16.700436
16.947617
16.332224
16.697874
16.716124
16.699795
16.554111
16.632877
16.741739
16.696592
16.646965
16.751024
16.652409
16.682825
16.623272
16.842276
16.489115
16.684425
16.660091
16.654009
16.701395
16.698833
16.685387
16.632236
16.704597
16.749744
16.617508
16.686028
16.700756
16.605341
16.690830
16.799692
16.609182
16.813780
16.483992
16.699795
16.638000
16.692751
16.632877
16.743980
16.659452
16.725729
16.585810
16.772156
16.674501
16.702036
16.759668
16.652088
16.640242
16.618149
16.698195
16.664894
16.677382
16.716444
16.616226
16.672899
16.692751
16.692751
16.687948
16.670658
16.657850
16.648565
16.749104
16.800653
16.526896
16.692110
16.627754
16.581007
16.771517
16.675781
16.637039
16.675461
16.806416
16.475346
16.680904
16.860527
16.695633
16.653048
16.682505
16.493917
17.247948
16.254101
16.549950
16.673861
16.668097
16.656570
16.836193
16.717726
16.775679
16.457096
16.634157
16.691151
16.667137
16.691790
16.679304
16.594774
16.679943
16.772476
16.647285
16.823065
16.722528
16.552832
16.725410
16.578766
16.602779
16.700756
16.771196
16.638639
16.586130
16.763191
16.597977
16.793608
16.601818
16.849960
16.485592
16.851242
16.595095
16.688269
16.614626
16.631275
16.605341
16.684425
16.742060
16.673540
16.671940
16.784964
16.549309
16.711641
16.686987
16.673220
16.768635
16.557953
16.614626
16.640560
16.721888
16.711962
16.664894
16.680264
16.632236
16.794569
16.592213
16.840675
16.525295
16.659773
16.649847
16.673540
16.712923
16.731493
16.645683
16.631596
16.676102
16.672899
16.730852
16.725729
16.614946
16.660732
16.729572
16.579086
16.694031
16.749424
16.730852
16.689228
16.594135
16.609182
16.722528
16.678984
16.725410
16.610785
16.672579
16.728611
16.635757
16.794249
16.679623
16.605341
16.606941
16.704597
16.683786
16.638000
16.802895
16.534580
16.663614
16.742380
16.726049
16.613346
16.655289
16.657850
16.673220
16.716764
16.680264
16.737896
17.204084
16.087925
16.658171
16.685066
16.705238
16.707800
16.638319
16.674501
16.618149
16.728931
16.760950
16.570440
16.558594
16.691471
16.655930
16.782722
16.672258
16.601500
16.702997
16.683146
16.692751
16.705559
16.706839
16.595415
16.696913
16.700436
16.722208
16.652727
16.625834
16.656570
16.628075
16.699474
16.585810
16.749744
16.632557
16.763191
16.639601
16.656570
16.706198
16.643442
16.621031
17.039509
16.511528
16.635757
16.612064
16.679943
16.658171
16.723808
16.578445
16.713562
16.681864
16.681864
16.687628
16.673861
16.655930
16.671940
16.676743
16.673220
16.699154
16.714203
16.600538
16.763191
16.585810
16.645365
16.732454
16.796169
16.570440
16.632557
16.669378
16.729893
16.629354
16.748463
16.608223
16.719006
16.731493
16.578125
16.813459
16.646324
16.658171
16.732134
16.670017
16.664255
16.639921
16.735016
16.753265
16.661053
16.563717
16.614305
16.781761
16.595736
16.591574
16.829790
16.524975
16.797451
16.643763
16.717405
16.565638
16.742060
16.654970
16.903111
16.529137
16.823385
16.500961
16.819544
16.505764
16.779840
16.484953
16.698195
16.645683
16.783363
16.568520
16.774078
16.648886
17.200882
16.112259
16.675461
16.716764
16.681864
16.629675
16.702356
16.624872
16.722528
16.669378
16.629034
16.661053
16.775358
16.613026
16.649527
16.721247
16.656250
16.661694
16.781122
16.579727
16.697874
16.642803
16.708120
16.713562
16.786245
16.617508
16.535862
16.751986
16.697233
16.633516
16.745581
16.629995
16.668737
16.689228
16.621031
16.722528
16.817303
16.773758
16.469584
16.607262
16.671299
16.712603
16.666817
16.656891
16.754227
16.743660
16.637360
16.679623
16.562117
16.708441
16.767033
16.616226
16.647606
16.776638
16.688910
16.603420
16.597977
16.669058
16.685066
16.720608
16.639280
16.757109
16.781122
16.586130
16.677702
16.733734
16.583569
16.577484
16.741098
16.670658
16.660732
16.617188
16.724770
16.659452
16.684107
16.711641
16.708759
16.700115
16.847078
16.566919
16.583569
16.706198
16.884861
16.571722
16.526896
16.577805
16.652409
16.857004
16.457096
16.770876
16.687307
16.599897
16.704918
16.610785
16.703318
16.738537
16.677702
16.602779
16.688269
16.697554
16.737896
16.694672
16.606941
16.991802
16.362963
16.707479
16.669697
16.743980
16.644083
16.682505
16.621031
16.682825
16.691471
16.664576
16.701395
16.628714
16.639601
16.683786
16.733414
16.635439
16.707479
16.627754
16.678984
16.671619
16.753265
16.783043
16.645044
16.560196
16.687628
16.623272
16.695953
16.657211
16.834272
16.566599
16.677702
16.716124
16.612385
16.677061
16.705879
16.621031
16.765753
16.706518
16.583248
16.784643
16.685387
16.671619
16.620710
16.629995
16.727970
16.654970
16.643122
16.696592
16.682184
16.681545
16.598297
16.700436
16.697874
16.662973
16.743340
16.719646
16.607582
16.657850
16.730532
16.619429
17.228418
16.142675
16.601818
16.702356
16.730213
16.637680
16.668737
16.672579
16.717085
16.678984
16.715485
16.609823
16.681545
16.687948
16.776320
16.553150
16.692110
16.838114
16.514729
16.662653
16.811539
16.598618
16.684107
16.687628
16.715164
16.611744
16.621990
16.706839
16.718685
16.661373
16.593815
16.673540
16.886461
16.534260
16.703638
16.648886
16.617508
16.670017
16.711000
16.720926
16.821465
16.529457
16.611423
16.735016
16.615267
16.767994
16.681225
16.648245
16.685066
16.636078
16.685387
16.713243
16.705879
16.584848
16.715805
16.610144
16.714203
16.739498
16.613346
16.670979
16.667137
16.653368
16.719326
16.733734
16.639601
16.621031
16.702356
16.671619
16.736616
16.622631
16.717405
16.615908
16.735334
16.668097
16.613026
16.723167
16.724449
16.596697
16.670017
16.749424
16.728931
16.609823
17.018377
16.292202
16.697554
16.642803
16.761271
16.645044
16.674181
16.628075
16.782722
16.718685
16.573643
16.695313
16.687948
16.620710
16.692430
16.657530
16.749104
16.743340
16.749104
16.557953
16.630636
16.660091
16.713243
16.626152
16.718685
16.698833
16.617508
16.665855
16.721567
16.627754
16.800013
16.604061
16.646004
16.687307
16.709080
16.666176
16.709400
16.663294
16.756147
16.546106
16.751665
16.608864
16.723808
16.652088
16.644403
16.643763
16.733093
16.664255
16.636398
16.667456
16.687307
16.651768
16.760309
16.686348
16.777599
16.516010
16.693712
16.635757
16.792328
16.562437
16.834272
16.560835
16.670658
16.585169
16.667456
16.695313
16.844837
16.603420
16.724129
16.746542
16.509287
16.626793
17.112190
16.286438
16.628393
16.765432
16.605982
16.670979
16.813780
16.527536
16.683146
16.725410
16.626152
16.880058
16.551870
16.594135
16.726049
16.657211
16.658491
16.693712
16.713243
16.668097
16.641201
16.731173
16.643442
16.628714
16.728931
16.647606
16.627434
16.692110
16.739819
16.653688
16.716124
16.607903
16.655930
16.691790
16.820185
16.585169
16.819223
16.476627
16.711962
16.734375
16.594454
16.775358
16.798092
16.475666
16.638960
16.699154
16.665215
16.660732
16.743980
16.689228
16.808657
16.484953
16.780802
16.716764
16.649527
16.685066
17.274525
16.000835
16.628075
16.746542
16.629675
16.703638
16.847719
16.497438
16.708759
16.684425
16.743340
16.573002
16.691151
16.809618
16.627113
16.722849
16.678022
16.550591
16.635439
16.801613
16.561796
16.614305
16.811539
16.626793
16.653048
16.717726
16.629995
16.686668
16.805456
16.517931
16.669697
17.022539
16.321018
16.749424
16.653368
16.664255
16.688910
16.640242
16.690510
16.666496
16.715164
16.613985
16.738857
16.653048
16.792007
16.602459
16.783684
16.694031
16.631596
16.525616
16.810898
16.538424
16.772476
16.794249
16.484632
16.666176
16.682184
16.707479
16.730213
16.640881
16.649206
16.713562
16.649527
16.661053
16.713562
16.611105
16.678663
16.675461
16.764153
16.769274
16.613667
16.651127
16.647606
16.741739
16.630636
16.682825
16.673220
16.622631
16.703638
16.594454
16.757748
16.630955
16.698833
16.657530
16.684746
16.657530
16.663614
16.772476
16.740137
16.596697
16.678343
16.590612
16.716444
16.666817
16.807056
16.651447
16.592213
16.755507
16.597977
16.615587
16.755827
16.629995
16.775679
16.772156
16.471825
16.668417
16.796490
16.610785
16.681545
16.672899
16.635118
16.706518
16.679623
16.674181
16.680904
16.666496
16.716444
16.619108
16.722528
16.742699
16.638319
16.654009
16.702997
16.565958
16.801933
16.602779
16.640560
16.821785
16.632557
16.623590
16.826267
16.537783
16.634798
16.674181
16.726690
16.680584
16.646965
16.701395
16.815382
16.583889
16.565638
16.674181
16.732454
16.655609
16.683466
16.622952
16.893826
16.644403
16.736937
16.458057
16.695313
16.657530
16.659132
16.706518
16.782082
16.568199
16.741098
16.569801
16.720926
16.714523
16.694672
16.626472
16.714523
16.591894
16.698195
16.696913
16.781441
16.625834
16.762871
16.563717
16.637039
16.678343
16.872374
16.490395
16.703638
16.736296
16.699795
16.526575
16.912716
16.663614
16.547709
16.632557
16.673861
16.644724
16.936411
16.419954
16.677702
16.655930
16.709400
16.691790
16.724770
16.586130
16.683786
16.688269
16.738537
16.816982
16.562117
16.596376
16.702356
16.794569
16.611423
16.645683
16.693071
16.749744
16.520813
16.833311
16.522413
16.701715
16.689228
16.719646
16.574923
16.695953
16.701715
16.649206
16.720287
16.622631
16.694672
16.771196
16.739819
16.867571
16.424118
16.732775
16.582287
16.685387
16.668737
16.769594
16.610464
16.709080
16.589651
16.779520
16.613667
16.621349
16.696913
16.668097
16.714203
16.615908
16.627113
16.691471
16.875576
16.474386
16.648886
16.772797
16.638319
16.701395
16.761911
16.581007
16.664576
16.695633
16.648245
16.662014
16.813780
16.583569
16.736937
16.667456
16.616547
16.673540
16.745581
16.934170
16.351116
16.696592
16.662973
16.612385
16.865330
16.559555
16.611744
16.720608
16.733414
16.683146
16.915277
16.362963
16.667137
16.755827
16.577166
16.727652
16.829790
16.560196
16.580366
16.899590
16.629995
16.545786
16.756147
16.700115
16.536501
16.668737
16.699154
16.683786
16.686987
16.673861
16.730213
16.603741
16.677061
16.652088
16.868853
16.579727
16.612385
16.645044
16.703318
16.731813
16.686987
16.599897
16.842596
16.537783
16.705559
16.681864
16.740137
16.565317
16.684746
16.673220
16.667776
16.806095
16.619749
16.643122
16.690830
16.595095
16.740778
16.801613
16.591894
16.637680
16.662014
16.624231
16.714523
16.706518
16.703638
16.678984
16.647606
16.644083
16.656891
16.768635
16.639921
16.617828
16.673861
16.724449
16.666176
16.702356
16.655930
16.647606
16.679943
16.666496
16.700115
16.681864
16.656570
16.662973
16.720608
16.625834
16.643122
16.771835
16.622631
16.642162
16.852522
16.741098
16.507364
16.775999
16.519211
16.861168
16.512167
16.673540
16.716124
16.687628
16.600218
16.715805
16.680264
16.643763
16.699154
16.832991
16.575243
16.613985
16.726370
16.687948
16.711641
16.743019
16.623911
16.832352
16.436285
16.626472
16.832670
16.633198
16.579407
16.735655
16.601500
16.677702
16.722208
16.748463
16.550270
16.734055
16.691790
16.637039
16.721247
16.711962
16.558594
16.743019
16.721888
16.591253
16.666176
16.746222
16.593494
16.680584
16.743980
16.780802
16.708759
16.524014
16.603741
16.742699
16.627754
16.651447
16.663935
16.798412
16.793928
16.515369
16.673220
16.654329
16.725729
16.651768
16.682825
16.736937
16.711962
16.601818
16.586130
16.817303
16.615587
16.677061
16.608543
16.854763
16.562757
16.645683
16.759350
16.780161
16.479509
16.647285
16.800972
16.681225
16.722849
16.684107
16.536821
16.634798
16.925203
16.492315
16.680904
16.692110
16.642162
16.610144
16.688910
16.762230
16.638319
16.740458
16.629675
16.613667
16.727331
16.880058
16.580046
16.682825
16.516010
16.701715
16.679943
17.101305
16.253460
16.760950
16.682505
16.542585
16.716444
16.845158
16.496159
16.861168
16.516010
16.616547
16.701715
16.948578
16.401064
16.760950
16.662334
16.597015
16.679943
16.786245
16.565317
16.866930
16.506084
16.646004
16.694672
16.722849
16.660091
16.719967
16.601500
16.764153
16.573963
16.715805
16.681225
16.710361
16.630316
16.643442
16.688910
16.704597
16.695633
16.626472
16.646645
16.710041
16.788486
16.646965
16.570120
16.728291
16.687948
16.598938
16.830109
16.632557
16.598938
16.723488
16.599897
16.714844
16.708120
16.787846
16.512487
16.937050
16.405546
16.740458
16.768314
16.594454
16.566919
16.807697
16.568199
16.735655
16.819223
16.553791
16.710041
16.703957
16.657530
16.568520
16.659452
16.748463
16.609503
16.694031
16.638960
16.681545
16.684107
16.857965
16.484312
16.905352
16.527536
16.680584
16.724449
16.759989
16.501282
16.740137
16.629675
16.627754
16.696592
16.869492
16.489435
16.679304
16.733414
16.614626
16.707159
16.715164
16.630955
16.821785
16.589972
16.631916
16.698515
16.688910
16.589651
16.689548
16.686028
16.637039
16.680904
16.843878
16.743019
16.531378
16.730532
16.629995
16.716764
16.669378
16.664576
16.604061
16.703318
16.636078
16.638639
16.806416
16.625834
16.658171
16.670338
16.603420
16.768314
16.693392
16.607903
16.677382
16.661053
16.676422
16.658491
16.759989
16.631275
16.803215
16.596376
16.656570
16.674181
16.665215
16.659132
16.749104
16.612064
16.661373
16.842916
16.619749
16.562437
16.832991
16.603420
17.266199
16.002115
16.736937
16.621990
16.698515
16.690830
16.604700
16.743980
16.753265
16.557314
16.773758
16.678022
16.713882
16.585169
16.744621
16.552511
16.698515
16.700756
16.628714
16.680584
16.765753
16.610464
16.716444
16.642803
16.714523
16.723488
16.620070
16.631596
16.713882
16.662653
16.670017
16.678022
16.759668
16.856365
16.415792
16.716124
16.721567
16.649527
16.731493
16.636078
16.665215
16.630955
16.696274
16.613026
16.790407
16.855083
16.443329
16.632877
16.766394
16.670338
16.642483
16.969709
16.510887
16.501282
16.679304
16.655289
16.780481
16.636719
16.711641
16.653368
16.686668
16.670979
16.729893
16.666817
16.621990
16.668097
16.751986
16.689869
16.683786
16.642162
16.711321
16.585489
16.678984
16.667776
16.701395
16.827229
16.484953
16.644083
16.657530
16.690510
16.735655
16.731173
16.636398
16.654650
16.667137
16.735016
16.705238
16.598938
16.643763
16.694992
16.613346
16.667456
16.789446
16.706518
16.588692
16.727011
16.621990
16.733414
16.798731
16.593174
16.552832
16.760630
16.622952
16.629995
16.751345
16.703318
16.751345
16.649206
16.636719
16.634798
16.836193
16.606941
16.603741
16.634478
16.687628
16.640560
16.731173
17.003328
16.304689
16.669058
16.769915
16.576845
16.713243
16.672899
16.686348
16.632557
16.786245
16.562437
16.729893
16.646965
16.657211
16.656891
16.727970
16.669058
16.709400
16.658491
16.833311
16.629354
16.554752
16.628714
16.707479
16.774078
16.621670
16.682505
16.735016
16.678022
16.595736
16.649847
16.683146
16.621031
16.673540
16.709080
16.803854
16.502241
16.846760
16.607262
16.677702
16.697233
16.665215
16.693392
16.644083
16.723488
16.600218
16.689228
16.693392
16.647285
16.671619
16.700436
16.623272
16.668417
16.724449
16.803854
16.538742
16.674820
16.576525
16.674820
16.732134
16.703638
16.594454
16.732454
16.683466
16.832991
16.542265
16.790728
16.542265
16.646004
16.737896
16.710682
16.726370
16.530418
16.735655
16.601500
16.719646
16.685707
16.662973
16.855724
16.459658
16.698515
16.675461
16.621670
16.763191
16.718365
16.577166
16.657850
16.699154
16.704597
16.753265
16.773758
16.637360
16.620070
16.587410
16.672899
16.714844
16.639280
16.702356
16.593494
16.760309
16.823065
16.557953
16.669697
16.667456
16.691471
16.595095
16.686987
16.760950
16.658812
16.788805
16.489756
16.708759
16.645365
16.828508
17.011013
16.200310
16.660412
16.675140
16.659452
16.853163
16.529457
16.679623
16.655930
16.766714
16.604700
16.726049
16.604700
16.705238
16.673540
16.624552
16.678663
16.848040
16.520813
16.664576
16.698515
16.757748
16.655289
16.665535
16.612705
16.662014
16.667456
16.665215
16.658171
16.766714
16.670017
16.757748
16.607903
16.604700
16.704277
16.719646
16.617188
16.746862
16.654970
16.737577
16.653368
16.723167
16.608543
16.679943
16.669058
16.677702
16.634157
16.715164
16.645683
16.669697
16.693071
16.696274
16.635439
16.858606
16.508966
16.653368
16.715805
16.688269
16.663614
16.696592
16.622952
16.698195
16.701715
16.643122
16.658171
16.709400
16.810259
16.577166
16.630955
16.656891
16.746862
16.725410
16.598618
16.685387
16.639280
16.673220
16.731813
16.754227
16.564037
16.663614
16.640560
16.696592
16.717726
16.696592
16.803534
16.501602
16.671619
16.681225
16.676102
16.708120
16.646645
16.662653
16.698515
16.701077
16.822426
16.594774
16.635439
16.677702
16.871412
16.423157
16.674820
16.766394
16.594135
16.758068
16.654009
16.642162
16.640242
16.744301
16.648886
16.659452
16.689548
16.640242
16.695633
16.747822
16.721247
16.622311
16.613346
16.778240
16.756147
16.568520
16.647606
16.662973
16.712282
16.865330
16.451332
16.740458
16.624231
16.777599
16.597336
16.623590
16.812180
16.754227
16.504482
16.650486
16.649206
16.813139
16.691471
16.724449
16.625513
16.681864
16.651127
16.570120
16.764471
16.622631
16.770876
16.609823
16.609823
16.670338
16.718685
16.666176
16.720926
16.631596
16.630316
16.659132
16.788805
16.621349
16.710682
16.657530
16.703957
16.629995
16.629675
16.755507
16.615908
16.704918
16.816021
16.644083
16.642162
16.689869
16.693712
16.566278
16.680264
16.608543
16.783363
16.684425
16.629995
16.724449
16.728611
16.636078
16.616226
16.713243
16.667456
16.631916
16.721888
16.681225
16.660091
16.710041
16.641521
16.676102
16.660732
16.677382
16.635118
16.926165
16.548029
16.610464
16.716764
16.869812
16.553791
16.690510
16.710041
16.580366
16.694351
16.694672
16.607903
16.799051
16.575563
16.659773
16.677382
16.648565
16.700115
16.680584
16.632877
16.660412
16.642162
16.698195
16.671619
16.800333
16.526575
16.804815
16.565638
16.723488
16.747501
16.601818
16.674181
16.632557
16.725090
16.684425
16.659773
16.697554
16.657211
16.631275
16.842916
16.559555
16.759989
16.735975
16.493277
16.662014
16.688910
16.685387
16.686987
16.904392
16.540665
16.620710
16.642162
16.585169
16.731173
16.800653
16.574604
16.656891
16.760309
16.561796
16.679943
16.727011
16.627113
16.694031
16.702036
16.806095
16.531698
16.735334
16.589012
16.730852
16.682184
16.621349
16.784323
16.608223
16.679943
16.713562
16.650486
16.604700
16.694031
16.730532
16.786884
16.539063
16.621031
16.826908
16.595095
16.669378
16.738857
16.631275
16.621670
16.714523
16.649206
16.715164
16.995005
16.444929
16.608543
16.676422
16.600538
16.802574
16.613985
16.605021
16.744301
16.678984
16.633837
16.726690
16.717726
16.761591
16.588371
16.696274
16.571081
16.681225
16.811539
16.605341
16.608543
16.650806
16.723808
16.795851
16.578125
16.641201
16.783043
16.588051
16.661053
16.700115
16.652409
16.666817
16.675461
16.690189
16.738216
16.728931
16.615587
16.712282
16.588371
16.779520
16.689228
16.623911
16.593174
16.728611
16.743980
16.544186
16.739498
16.729252
16.642483
16.611105
16.663935
16.731173
16.669378
16.722208
16.734055
16.495197
16.763512
16.590612
16.721888
16.626472
16.737577
16.648245
16.648245
16.872374
16.520493
16.699154
16.696913
16.617828
16.684107
16.712282
16.703638
16.794249
16.691471
16.551870
16.676422
16.658812
16.635757
16.716444
16.677061
16.679304
16.702677
16.811859
17.170784
16.346313
17.051996
16.040857
16.578125
16.733734
16.788486
16.541945
16.663614
16.814741
16.640881
16.639601
16.589012
16.824667
16.832670
16.436604
16.823065
16.426998
16.752625
16.636719
16.584530
16.751345
16.604061
16.682825
16.763191
16.779840
16.595415
16.673861
16.634478
16.574284
16.678022
16.739178
16.590933
16.749424
16.853163
16.553471
16.556673
16.702677
16.656891
16.722528
16.654650
16.687948
16.652727
16.744621
16.585169
16.654650
16.743980
16.654009
16.673540
16.887423
16.447491
16.718685
16.795851
16.500961
16.661694
16.751345
16.760309
16.585489
16.673861
16.711000
16.719646
16.606621
16.604700
16.678663
16.723167
16.734695
16.544827
16.705879
16.711000
16.625513
16.662334
16.774717
16.564037
16.775999
16.689228
16.578766
16.874615
16.788486
16.572042
16.511208
16.718685
16.628714
16.669697
16.679304
16.787525
16.703318
16.602459
16.621349
16.650486
16.702677
16.744942
16.741098
16.632877
16.916880
16.380892
16.755507
16.647606
16.725410
16.630636
16.713882
16.661694
16.613346
16.690830
16.680904
16.674501
16.677382
16.640881
16.714203
16.568520
16.771835
16.598618
16.716444
16.660732
16.610464
16.680264
16.805136
16.646324
16.640881
16.788166
16.598938
16.710682
16.670658
16.569801
16.658171
16.765753
16.616867
16.680584
16.810577
16.517290
16.671940
16.735975
16.707800
16.648565
16.724770
16.563396
16.774078
16.617508
17.074409
16.438206
16.550591
16.751665
16.565958
16.819223
16.599257
16.630636
16.857004
16.540665
16.649847
16.734695
16.780161
16.728611
16.461899
16.654009
16.599577
16.757109
16.631275
16.914639
16.650486
16.481750
16.742060
16.565638
16.728931
16.640560
16.726370
16.613026
16.799051
16.734375
16.485592
16.800972
16.643122
16.710361
16.644403
16.678984
16.662973
16.655289
16.859886
16.676102
16.575884
16.732454
16.705238
16.632236
16.705879
16.613026
16.618469
16.641521
16.696592
16.719006
16.697233
16.636078
16.687948
16.670979
16.644724
16.792648
16.586771
16.699474
16.543865
16.683466
16.842276
16.636398
16.700436
16.543226
16.622952
16.725410
16.634798
16.744942
16.703638
16.597656
16.692110
16.657530
16.775358
16.680264
16.883261
16.449411
16.688269
16.625193
16.735016
16.672899
16.791367
16.581648
16.650167
16.663935
16.830750
16.531059
16.721888
16.634157
16.667137
16.740458
16.575563
16.683466
16.705238
16.847078
16.508005
16.692110
16.646965
16.647606
16.650167
16.654009
16.679304
16.663935
16.641521
16.673540
16.801613
16.588371
16.658812
16.657211
16.672579
16.784964
16.634157
16.611105
16.670338
16.759029
16.647606
16.637680
16.752945
16.641842
16.696274
16.643763
16.727970
16.795530
16.501282
16.649206
16.670017
16.677061
16.657530
17.142929
16.332544
16.648886
16.740778
16.592533
16.653688
16.667137
16.843237
16.516649
16.645683
16.757427
16.558914
16.747501
16.728931
16.571722
16.791048
16.603100
16.691790
16.692430
16.792969
16.482071
16.709400
16.640881
16.701395
16.641521
16.832991
16.587090
16.646645
16.754227
16.642483
16.677061
16.837793
16.567879
16.619429
16.629034
16.735975
16.623272
16.743660
16.660412
16.663935
16.630955
16.728611
16.612064
16.714523
16.822426
16.628714
16.547068
16.891264
16.572363
16.846760
16.511847
16.731493
16.593494
16.711641
16.650167
16.654329
16.671940
16.739178
16.619749
16.685387
16.711000
16.645683
16.719646
16.661694
16.691151
16.608543
16.750063
16.606302
16.639601
16.656250
16.680264
16.693392
16.729893
16.688269
16.590292
16.751665
16.765432
16.607262
16.618149
16.727652
16.637360
16.704277
16.567879
16.656250
16.677702
16.831070
16.527216
16.721567
16.758389
16.669697
16.781761
16.677061
16.586771
16.650806
16.704277
16.645683
16.650486
16.661053
16.678663
16.668097
16.582287
16.733093
16.728931
16.655609
16.647285
16.699474
16.691151
16.820185
16.672258
16.469263
16.715164
16.606621
16.681545
16.902792
16.637680
16.453255
16.773438
16.592213
16.624231
16.725729
16.805456
16.514408
16.747183
16.643442
16.626472
16.830109
16.721888
16.624231
16.538424
16.735975
16.695313
16.827229
16.600859
16.696592
16.600218
16.777279
16.482391
16.684425
16.887743
16.449732
16.665535
16.839396
16.526575
16.678022
16.950499
16.411631
16.647285
16.766073
16.638000
16.664576
16.832352
16.592533
16.674501
16.668737
16.713562
16.665535
16.694672
16.641521
16.680904
16.653688
17.194477
16.095610
16.856365
16.532019
16.596376
16.711962
16.702356
16.690189
16.785284
16.589012
16.597977
16.667137
16.718685
16.689228
16.841957
16.480789
16.682825
16.658491
16.663935
16.664576
16.748783
16.626793
16.970350
16.437885
16.696592
16.659132
16.708759
16.604700
16.677702
16.649527
16.663294
16.701077
16.751345
16.713882
16.637680
16.634798
16.682505
16.668097
16.689228
16.622311
16.801933
16.549950
16.659132
16.679623
16.716124
16.759989
16.679943
16.563396
16.754227
16.916880
16.498720
16.599897
16.747822
16.709400
16.625834
16.687628
16.670658
16.647285
16.776320
17.076010
16.170212
16.680264
16.668097
16.703638
16.665215
16.632877
16.895746
16.457096
16.735975
16.554752
16.772476
16.706198
16.601818
16.691790
16.708759
17.867823
15.493025
16.618469
16.734695
16.653048
16.659452
16.637039
16.696274
16.634798
16.658812
16.691151
16.752625
16.622952
16.724770
16.657850
16.646965
17.071848
16.439486
16.600218
16.599577
16.702036
16.576525
16.669058
16.653368
16.785925
16.582607
16.686348
16.620070
16.676422
16.726049
16.669697
16.785604
16.660732
16.710361
16.735655
16.614305
16.598297
16.794889
16.528498
16.735016
16.712923
16.682505
16.628075
16.690189
16.657211
16.644403
16.724770
16.688910
16.680584
16.703638
16.635439
16.648245
16.688910
16.733734
16.629034
16.711321
16.685387
16.615587
16.710682
16.654650
16.554752
16.684107
16.709080
16.608223
16.670017
16.889343
16.488794
16.834272
16.585169
16.800333
16.508966
16.916239
16.460938
16.648886
16.680584
16.658812
16.671619
16.811859
16.565638
16.807697
16.639601
16.565317
16.741098
16.855404
16.513769
16.695313
16.622311
16.652727
16.643442
16.811859
16.563717
16.657211
16.663614
16.731493
16.764471
16.612705
16.699795
16.610785
16.668417
16.683786
16.646324
16.726049
16.705879
16.688269
16.744942
16.655930
17.282528
16.061350
16.629354
16.652088
16.588692
16.691471
16.771196
16.688910
16.635439
16.665535
16.656250
16.777599
16.665855
16.793928
16.467983
16.696592
16.651768
16.654970
16.677061
16.762871
16.593815
16.731493
16.622631
16.675140
16.717085
16.740778
16.751345
16.570440
16.743660
16.585169
16.740778
16.775999
16.551229
16.662973
16.676422
16.655609
16.730532
16.700436
16.547068
16.762550
16.670979
16.661053
16.673861
16.791048
16.500641
16.751986
16.630955
16.709721
16.791048
16.685707
16.503843
16.734375
16.674820
16.692110
16.744942
16.646004
16.752945
16.542265
16.729893
16.687948
16.662973
16.675140
16.668097
16.772476
16.691790
16.641521
16.786564
16.625193
16.539063
16.623272
16.629354
16.689228
16.726370
16.694351
16.696274
16.712923
16.530098
16.758709
16.692751
16.676422
16.826588
16.513128
16.594135
16.736296
16.725410
16.678984
16.735016
16.627434
16.585810
16.693071
16.815062
16.589333
16.695953
16.685387
16.599577
16.924883
16.415472
16.718046
16.687948
16.631596
16.671299
16.703318
16.773117
16.745260
16.603100
16.556993
16.720608
16.642483
16.768635
16.653048
16.823706
16.516010
16.731173
16.732454
16.476627
16.820185
16.762230
16.477589
16.695313
16.652727
16.679623
16.844198
16.666496
16.524014
16.690189
17.709333
15.605409
16.704918
16.673220
16.646004
16.619749
16.801933
16.641521
16.733414
16.590612
16.705559
16.762550
16.689869
16.560835
16.826588
16.703318
16.618788
16.523054
16.714523
16.756788
16.622631
16.681864
16.703957
16.562437
16.651447
16.688269
16.848680
16.530739
16.674181
16.674181
16.794889
16.604380
16.662653
16.697554
16.745581
16.567240
16.646965
16.962666
16.485592
16.658812
16.838755
16.573643
16.676422
16.690830
16.665215
16.737896
16.816982
16.472786
16.673220
16.672899
16.723808
16.645044
16.687948
16.630636
16.692751
16.667456
16.652727
16.633516
16.768314
16.619108
16.666176
16.655609
16.702677
16.694351
16.602779
16.702677
16.805456
16.558594
16.656891
16.615908
16.628714
16.801292
16.558914
16.641201
16.785925
16.791687
16.482071
16.652727
16.750704
16.629995
16.708759
16.735655
16.630636
16.718685
16.657850
16.574284
16.773758
16.663614
16.657850
16.606302
16.790087
16.610785
16.765753
16.594135
16.609503
16.679304
16.767353
16.599577
16.732454
16.722849
16.564037
16.752945
16.677702
16.590612
16.876215
16.625513
16.629034
16.611105
16.649206
16.681545
16.747183
16.677382
16.654329
16.702036
16.669378
16.706198
16.642162
16.621670
16.702036
16.661694
16.783363
16.637039
16.678663
16.617188
16.655930
16.715805
16.666496
16.680904
16.822426
16.612705
16.583248
16.673861
16.666496
16.717405
16.941214
16.440447
16.694351
16.722208
16.612705
16.717405
16.685066
16.672899
16.666817
16.623272
16.667137
16.690830
16.711641
16.655930
16.677702
16.688589
16.659773
16.691151
16.684746
16.680904
16.655930
16.701077
16.639601
16.676743
16.686028
16.744301
16.590933
16.656570
16.675461
16.698195
16.672899
16.642162
16.709400
16.693071
16.699795
16.612064
16.714523
16.645044
16.608864
16.620390
16.708120
16.705559
16.740137
16.637680
16.609182
16.702036
16.816021
16.560514
16.701395
16.627113
16.646004
16.763512
16.664255
16.667776
16.709080
16.599577
16.676422
16.650806
16.685066
16.727331
16.694031
16.621990
16.747183
16.590292
16.677702
16.704918
16.691790
16.625513
16.741098
16.604700
16.674820
16.837793
16.638639
16.553150
16.739178
16.619429
16.752945
16.773117
16.702356
16.500000
16.630955
16.730213
16.632557
16.685066
16.769915
16.592854
16.665855
16.726690
16.643442
16.786564
16.654329
16.624872
16.679304
16.683466
16.677382
16.682825
16.664894
16.628075
16.671940
16.695953
16.793928
16.600218
16.719326
16.726049
16.577166
16.611744
16.814100
16.626472
16.689548
16.698195
16.664576
16.700756
16.805136
16.531698
16.692751
16.583248
16.718685
16.664255
16.643442
16.754227
16.762550
16.570761
16.655289
16.678984
16.620070
16.685066
16.706839
16.816982
16.572042
16.765753
16.613985
16.648886
16.792969
16.519852
16.706839
16.648565
16.882620
16.786884
16.385376
16.765432
16.542906
16.652088
16.687948
16.669378
16.708441
16.664255
16.687307
16.669378
16.663294
16.678984
16.724770
16.794889
16.666496
16.542906
16.644083
16.706518
16.783043
16.567240
16.765112
16.652088
16.585489
16.774397
16.671940
16.675461
16.708120
16.607262
16.707800
16.668097
16.810898
16.571722
16.652409
16.615908
16.768955
16.732134
16.638000
16.761911
16.574604
16.666176
16.592213
16.682184
16.735655
16.680264
16.641521
16.620070
16.743340
16.631275
16.725410
16.662973
16.663935
16.662653
16.693392
16.695313
16.737896
16.650806
16.608864
16.921362
16.427319
16.671619
16.788805
16.553471
16.725410
16.717085
16.648886
16.601179
16.884220
16.541624
16.791687
16.490395
16.780161
16.620710
16.753586
16.621031
16.705559
16.579407
16.683786
16.761591
16.673540
16.606941
16.690830
16.653048
16.738537
16.649206
16.677702
16.708441
16.628393
16.713562
16.695953
16.694672
16.622631
16.722208
16.668737
16.631275
16.639921
16.826908
16.626152
16.602139
16.817623
16.589012
16.611423
16.685387
16.961384
16.416113
16.655609
16.683786
16.673540
16.710682
16.767673
16.560196
16.658812
16.719006
16.645044
16.681225
16.737577
16.611423
16.738216
16.636078
16.877176
16.483030
16.763191
16.814741
16.482391
16.648245
16.958822
16.345673
16.781761
16.660091
16.614946
16.857645
16.711641
16.762871
16.553471
16.641842
16.793289
16.583889
16.620070
16.548988
16.704918
16.618788
16.760630
16.704277
16.742699
17.043032
16.301487
16.607903
16.631916
16.632877
16.869171
16.740137
16.568840
16.702036
16.661694
16.594774
16.605021
16.788166
16.568840
16.651768
16.688269
16.801292
16.667137
16.746222
16.550909
16.620390
16.711962
16.606302
16.742060
16.709721
16.663935
16.624552
16.693712
16.664576
16.667137
16.710361
16.815701
16.635757
16.726370
16.697233
16.569801
16.623272
16.739178
16.688269
16.592213
16.767673
16.737257
16.638960
16.684425
16.516970
16.661694
16.752625
16.578125
16.695953
16.799051
16.696274
16.660091
16.708120
16.485271
16.678022
16.942173
16.549950
16.597656
16.749744
16.665855
17.193518
16.128267
16.639921
16.603100
16.737896
16.721888
16.646645
16.711641
16.646004
16.727970
16.618788
16.753906
16.679304
16.568840
16.650486
16.656570
16.657211
16.732775
16.684107
16.673861
16.676743
16.795210
16.545467
16.681225
16.605982
16.840996
16.553791
16.962666
16.430521
16.713562
16.648886
16.835873
16.601500
16.546747
16.647285
16.823065
16.580046
16.772476
16.531698
16.699474
16.828829
16.629354
16.659452
16.657211
16.729252
16.613026
16.636398
16.686668
16.698833
16.701715
16.646645
16.689228
16.687307
16.648886
16.674181
16.732134
16.615908
16.721888
16.675781
16.646965
16.648565
16.704597
16.564037
16.714203
16.681225
16.688910
16.647285
16.741098
16.624231
16.692430
16.721888
16.963945
16.413872
16.600538
16.626472
16.702356
16.618149
17.033426
16.330944
16.725729
16.818262
16.540344
16.624552
16.788166
16.634157
16.667137
16.666817
16.615587
16.679623
16.676102
16.675461
16.732134
16.747822
16.594774
16.828188
16.528816
16.832991
16.579086
16.667137
16.698195
16.602459
16.651447
16.705559
16.707159
16.658491
16.678022
16.610144
16.684107
16.732134
16.660412
16.702677
16.723167
16.647285
16.655609
16.700756
16.617828
16.767353
16.864689
16.392099
16.789766
16.567240
16.947937
16.600859
16.513449
16.626793
16.770876
16.669378
16.862448
16.510246
16.639601
16.701077
16.830750
16.638639
16.544186
16.593815
16.729893
16.638639
16.670017
16.672579
16.695313
16.708120
16.640560
16.865009
16.528816
16.653368
16.802895
16.565638
16.668097
17.144850
16.182699
16.692751
16.852842
16.690830
16.529137
16.638000
16.694031
16.731493
16.652727
16.712603
16.839075
16.703318
16.464140
16.580366
16.865009
16.517290
16.663935
16.680904
16.671619
16.657211
16.858606
16.689869
16.529137
16.659452
16.649847
16.745581
16.679304
16.678022
16.601818
16.641201
16.682505
16.798412
16.570440
16.792007
16.718685
16.557953
16.706518
16.648886
16.676743
16.625513
16.696913
16.701077
16.748463
16.627754
16.630636
16.682184
16.708120
16.627434
16.681225
16.807056
16.701395
16.514729
16.765432
16.636078
16.756788
16.548988
17.378904
15.979383
16.690189
16.880058
16.555712
16.585810
16.759029
16.667137
16.821465
16.567240
16.575563
16.680584
16.733414
16.617188
16.659773
16.733093
16.631916
16.734375
16.658171
16.629675
16.654009
16.726049
16.611744
16.814100
16.633198
16.664576
16.648565
16.676743
16.654009
16.673861
16.711962
16.669378
16.843557
16.487513
16.735016
16.610464
16.792007
16.604061
16.629675
16.705879
16.690189
16.640881
16.804815
16.582287
16.640242
16.679304
16.728931
16.683786
16.719006
16.679304
16.625834
16.602139
16.735334
16.719646
16.690189
16.821785
16.462219
16.702677
16.665535
16.699474
16.679623
16.657530
16.695313
16.658491
16.672899
16.638319
16.857004
16.488474
16.698195
16.665215
16.669058
16.708441
16.677702
16.626793
16.728931
16.731173
16.638960
16.617508
16.804495
16.590933
16.675781
16.691790
16.674181
16.607903
16.905352
16.708759
16.497438
16.661373
16.680264
16.683466
16.733093
16.722528
16.594135
16.608864
16.636719
16.827229
16.734375
16.479509
16.830750
16.570120
16.691790
16.648886
16.696913
16.825626
16.523375
16.595736
16.776638
16.672579
16.684425
16.661373
16.665215
16.735975
16.635757
16.774078
16.560196
16.739178
16.695313
16.647285
16.806416
16.442368
16.742060
16.687628
16.713243
16.619749
16.629995
16.623590
16.748783
16.851242
16.486874
16.576845
16.765432
16.758068
16.655609
16.654009
16.632236
16.804815
16.569481
16.775679
16.632236
16.649527
16.819864
16.543865
16.628075
16.638319
16.662334
16.700115
16.643122
16.654650
16.734375
16.685707
16.654329
16.760630
16.569481
16.658491
16.682505
16.731813
16.672899
16.633198
16.674501
16.718685
16.682505
16.665855
16.686987
16.621349
16.677061
16.696913
16.700115
16.709721
16.674820
16.600538
16.716444
16.630636
16.667456
16.852201
16.559555
16.638000
16.686348
16.693071
16.697233
16.687948
16.631275
16.780481
16.548029
16.850922
16.586451
16.789766
16.497438
16.686028
16.662653
16.688269
16.830429
16.576525
16.589651
16.660412
16.725410
16.598938
16.810259
16.705559
16.654009
16.620710
16.647285
16.694031
16.801613
16.700436
16.604700
16.686668
16.661694
16.680264
16.626472
16.741419
16.623590
16.665215
16.717405
16.665535
16.660091
16.724770
16.646965
16.671299
16.705559
16.603100
16.713882
16.664576
16.728291
16.617828
16.566919
16.694031
16.734695
16.758709
16.702036
16.558914
16.677061
16.636719
16.656250
16.714523
16.891584
16.479830
16.576204
16.784002
16.613346
16.790407
16.547388
16.706518
16.598297
16.816021
16.614946
16.722849
16.700756
16.606621
16.680264
16.706839
16.653368
16.685387
16.762550
16.602139
16.715485
16.582607
16.687307
16.788486
16.597015
16.644403
16.802574
16.569481
16.600859
16.783684
16.543865
16.800972
16.619749
16.769915
16.557953
16.737896
16.622631
16.655609
17.482964
16.228806
16.489435
16.677061
16.605341
16.652727
16.689869
16.651127
16.743019
16.689869
16.646965
16.732775
16.766073
16.523375
16.615587
16.758709
16.676422
16.717726
16.677382
16.570440
16.645365
16.834593
16.497438
16.729572
16.624552
16.652409
16.686348
16.775679
16.492636
16.876535
16.581007
16.736296
16.705559
16.640242
16.646645
16.775038
16.529137
16.668417
16.691151
16.673540
16.689869
16.638319
16.679943
16.695633
16.606302
16.730213
16.645683
16.762230
16.645365
16.660732
16.687628
16.720608
16.584209
16.741419
16.659132
16.727331
16.555712
16.783363
16.708759
16.613667
16.583889
16.730532
16.598618
16.793608
16.655609
16.629995
16.773758
16.675781
16.656250
16.662973
16.699474
16.637039
16.547068
16.697233
16.719326
16.843237
16.462219
16.726370
16.621031
16.676422
16.677061
16.778881
16.623911
16.657530
16.620710
16.817623
16.612064
16.815701
16.610144
16.591574
16.727011
16.569481
16.856045
16.659773
16.550591
18.126532
15.389926
16.595415
16.620710
16.679943
16.651127
16.755186
16.658812
16.617828
16.642483
16.712603
16.628393
16.681545
16.709080
16.682184
16.687948
16.740137
16.652727
16.714844
16.515690
16.826267
16.613667
16.704918
16.600538
16.775038
16.582287
17.244427
16.114820
16.686668
16.677702
16.743980
16.706198
16.787525
16.581327
17.597269
15.766461
16.660732
16.605341
16.718046
16.710682
16.666176
16.587090
16.629354
16.735975
16.641521
16.619749
16.741739
16.720608
16.600538
16.633198
16.653048
16.752304
16.666176
16.613985
16.728611
16.651127
16.648565
16.707800
16.683786
16.735334
16.621349
16.675461
16.663935
16.696592
16.803534
16.579086
16.698515
16.633837
16.766073
16.577484
16.885181
16.444288
16.693071
16.702356
16.643122
16.678984
16.772797
16.580687
16.688910
16.731493
16.617188
16.667456
16.755186
16.581648
16.803854
16.582287
16.716764
16.644724
16.731493
16.572681
16.876856
16.570440
16.579086
16.736616
16.728291
16.578445
16.707479
16.684425
16.643122
16.715485
16.734375
16.670658
16.612385
16.663935
16.748142
16.607262
16.713243
16.847078
16.481430
16.661053
16.698195
16.653368
16.688910
16.701715
16.660732
16.648886
16.654009
16.739819
16.809618
16.926805
16.256660
16.721888
16.629354
16.689228
16.722849
16.671940
16.814421
16.683146
16.474707
16.845478
16.614946
16.604061
16.684107
16.682505
16.776320
16.657850
16.847719
16.593174
16.532339
16.642803
16.622952
16.651127
16.871733
16.623272
16.731173
16.555712
16.752625
16.594774
16.733414
16.626793
16.816021
16.618149
16.780161
16.491035
16.808018
16.514408
16.631275
16.785284
16.576204
16.810898
16.662014
16.561796
16.724770
16.609503
16.739498
16.676102
16.728931
16.848360
16.590292
16.652088
16.626152
16.571402
16.702997
16.606302
16.736616
16.756468
16.813780
16.552511
16.634157
16.768955
16.493277
16.730532
16.630955
16.679943
16.750383
16.652088
16.644083
16.678663
16.663614
16.691151
16.666817
16.704597
16.590933
16.687628
16.742699
16.606621
16.729893
16.684107
16.750383
16.725729
16.572363
16.663614
16.807697
16.514729
16.708759
16.690830
16.681864
16.647924
16.749104
16.542585
16.800333
16.556032
16.702356
16.679623
16.865650
16.476948
16.643442
16.715164
16.655289
16.713882
16.739498
16.589972
16.738537
16.596697
16.762230
16.648886
16.859566
16.632557
16.551229
16.606302
16.733093
16.693071
16.748142
16.633837
16.562117
16.769274
16.717085
16.661694
16.744621
16.482710
16.668097
16.693071
16.642162
16.709721
16.793928
16.769274
16.684425
16.692110
16.471504
16.824026
16.915277
16.688589
16.251219
16.779520
16.669378
16.617828
16.814421
16.587410
16.757427
16.551229
16.719006
16.785604
16.605021
16.631275
16.773758
16.597656
16.651127
16.618788
16.739819
16.576845
16.674181
16.750063
16.589333
16.690510
16.740458
16.645365
16.633198
16.686668
16.665215
16.751665
16.632236
16.712282
16.668737
16.592854
16.627113
16.821144
16.760309
16.536180
16.645365
16.676102
16.763832
16.650167
16.672258
17.058399
16.239691
16.657211
16.652727
16.649527
16.869492
16.574923
16.721567
16.651447
16.657850
16.647924
16.745260
16.686668
16.549309
16.674820
16.683786
16.693392
16.883261
16.474386
16.677702
16.725090
16.654650
16.651447
16.954981
16.495838
16.628075
16.678663
16.764471
16.547709
16.827868
16.532980
16.638319
16.727970
16.638319
16.691151
17.039188
16.318777
16.669378
16.672579
16.685707
16.670338
16.724449
17.033426
16.285479
16.672258
16.685387
16.691790
16.788166
16.544186
16.652409
16.663935
16.714844
16.635118
16.855404
16.541304
16.713243
16.615267
16.792969
16.656250
16.753906
16.593494
16.634478
16.620710
16.740137
16.722208
16.651768
16.788486
16.589651
16.575563
16.788805
16.598938
16.743980
16.682184
16.604380
16.621990
16.717726
16.691471
16.683146
16.661694
16.681225
16.657530
16.686028
16.701715
16.723808
16.629995
16.700756
16.616547
16.695633
16.656570
16.780161
16.635439
16.675461
16.658812
16.692110
17.319990
16.129549
16.564678
16.652409
16.711000
16.618149
16.770555
16.702356
16.614305
16.669697
16.685707
16.621349
16.909195
16.481110
16.680904
16.710682
16.603100
16.651768
16.797131
16.648886
16.658171
16.610144
16.765112
16.647285
16.747822
16.602139
16.673220
16.715805
16.652727
16.705559
16.727011
16.720608
16.533300
16.696274
16.789766
16.556673
16.797131
16.617508
16.617188
16.674820
16.698833
16.793928
16.492636
16.714844
16.690830
16.595095
16.691471
16.686987
16.706518
16.787846
16.583569
16.694351
16.607903
16.707159
16.656570
16.708441
16.655609
16.746542
16.581007
16.711000
16.692430
16.691151
16.618149
16.742699
16.637039
16.714844
16.664255
16.672899
16.652088
16.729893
16.797131
16.463499
16.716764
16.754547
16.557314
16.681545
16.713882
16.673540
16.771517
16.698515
16.534260
16.734055
16.639601
16.693392
16.709400
16.755827
16.576845
16.719967
16.559555
16.698833
16.671940
16.767994
16.701715
16.614626
16.661053
16.668097
16.689869
16.766073
16.556993
16.677382
16.664894
16.733734
16.612705
16.719326
16.664255
16.626472
16.859566
16.535542
16.680584
16.759350
16.588692
16.701077
16.728291
16.578125
16.695953
16.660412
16.641521
16.681545
16.678663
16.690189
16.678022
16.872374
16.526575
16.792328
16.502882
16.724770
16.748142
16.591894
16.661053
16.732134
16.652088
16.719006
16.674181
16.696913
16.641521
16.659452
16.677061
16.738537
16.629995
16.832031
16.483351
16.927765
16.455496
16.734375
16.796490
16.500961
16.693071
16.723808
16.554432
16.783043
16.758389
16.614305
16.678984
16.786564
16.513769
16.693712
16.672899
16.735975
16.585810
16.679623
16.625834
16.714523
16.626793
16.917519
16.438526
16.822426
16.518892
16.733414
16.671940
16.836193
16.657850
16.509926
16.688910
16.847719
16.686668
16.592213
16.749744
16.503843
16.771835
16.835552
16.434042
16.774078
16.680904
16.644083
16.611105
16.854443
16.575243
16.724449
16.705238
16.467983
16.670979
16.765112
16.698833
16.614305
16.621990
16.686348
16.652409
16.734375
16.662334
16.676102
16.713562
16.674501
16.614946
16.703957
16.669058
16.689548
16.640560
16.724129
16.620070
16.733414
16.674820
16.658812
16.654009
16.761591
16.585810
16.740778
16.625834
16.815062
16.592533
16.741098
16.581968
16.670338
16.732134
16.861488
16.493597
16.664255
16.704277
16.677702
16.840675
16.548347
16.604380
16.753906
16.610464
16.622311
16.666176
16.807377
16.534580
16.845478
16.736296
16.554752
17.198961
16.220800
16.573643
16.605982
16.857965
16.647285
16.574923
16.908554
16.463179
16.671940
16.667137
16.608864
16.792648
16.616226
16.707159
16.615908
16.676102
16.737896
16.610144
16.699474
16.708759
16.600538
16.661373
16.684746
16.664255
16.825306
16.686987
16.574284
16.634798
16.659452
16.687948
16.688910
16.761911
16.689548
16.679623
16.860207
16.579407
16.632236
16.666817
16.804174
16.442368
16.712282
23.552036
11.827567
16.776958
15.112006
16.104895
16.649206
17.906565
15.476695
16.661053
16.691790
16.632877
16.800653
17.014536
16.334785
16.598618
16.564678
16.755507
16.742699
16.709400
16.640560
16.613667
16.691790
16.706518
16.684107
16.709400
16.659773
16.642803
16.696913
16.676743
16.527216
16.819864
16.577805
16.742699
16.598297
16.662334
16.644083
16.703638
16.814100
16.546747
16.698195
16.650167
16.744942
17.435896
16.007559
16.530098
16.816662
17.776251
15.450760
16.687628
16.661694
16.671299
16.640242
16.650486
16.734055
16.626472
16.807697
16.683146
16.584848
16.601818
16.838114
16.567560
16.728931
16.628075
16.639280
16.772476
16.645365
16.700115
16.778561
16.621031
16.597656
16.615908
16.812180
16.571722
16.683786
16.612385
16.759989
16.670979
16.660732
16.677061
16.828188
16.547388
16.675461
16.594454
16.749104
16.664576
16.670979
16.663614
16.666817
16.650167
16.934170
16.510567
16.720287
16.608864
16.597336
16.765112
16.667776
16.669378
16.765432
16.562757
16.646645
16.831390
16.597977
16.607903
16.732454
16.590292
16.764471
16.619108
16.636719
16.690189
16.879738
16.519852
16.640242
16.676422
16.749104
16.616547
16.780161
16.656250
16.623272
16.641201
16.660732
16.667456
16.816341
16.609182
16.675461
16.678343
16.688589
16.775358
16.576845
16.897348
16.510567
16.568520
16.873974
16.486874
16.721567
16.678022
16.659773
16.795210
16.609503
16.587410
16.730213
16.697554
16.685707
16.618469
16.793928
16.602779
16.672579
16.593815
16.677061
16.846439
16.584209
16.690189
16.626472
16.694351
16.747822
16.502882
16.739178
16.749744
16.603420
16.803854
16.672258
16.649847
16.815701
16.488794
16.779520
16.678663
16.549629
16.742699
16.719006
16.634157
16.684107
16.674501
16.672258
16.578766
16.671619
16.803854
16.596697
16.574284
16.732454
16.602779
16.739498
16.671940
16.732775
16.650806
16.711000
16.755507
16.568199
16.761911
16.877176
16.376730
16.737577
16.611423
16.588051
16.693712
16.898308
16.488474
16.801613
16.690830
16.565638
16.688269
16.675781
16.699474
16.746222
16.550591
16.708120
16.663935
16.762871
16.699474
16.621670
16.696274
16.683466
16.693712
16.695633
16.595095
16.726370
16.770235
16.888382
16.341511
16.696274
16.552832
16.752304
16.697874
16.671619
16.598297
16.764153
16.631916
16.721567
16.572363
16.902792
16.606621
16.617828
16.582607
16.673861
16.592854
16.780161
16.759989
16.711000
16.615908
16.745581
16.491356
16.614946
16.763512
16.658171
16.654009
16.673861
16.651768
16.836193
16.591574
17.004610
16.368725
16.582928
16.781441
16.657530
16.611423
16.798731
16.530418
16.799051
16.630955
16.601818
16.696913
16.811859
16.565638
16.626472
16.717405
16.752945
16.567560
16.882940
16.470224
16.671299
16.711321
16.671940
16.728291
16.819544
16.493597
16.729893
16.578125
16.708759
16.673540
16.792648
16.778240
16.608864
16.613026
16.699154
16.625834
16.674820
16.691471
16.665215
16.687307
16.908234
16.443008
16.700436
16.649527
16.670658
16.670658
16.726049
16.696592
16.631596
16.648245
16.672579
16.666817
16.828508
16.652409
16.538424
17.074730
16.294123
16.625834
16.673540
16.667776
16.795851
16.552832
16.684107
16.709400
16.670338
16.654009
16.737896
16.601179
16.683786
16.677382
16.661694
16.638319
16.668737
16.655930
16.652727
16.719967
16.747501
16.580687
16.848360
16.500961
16.666176
16.697554
16.677382
16.752304
16.594454
16.647606
16.681864
16.671940
16.644724
16.668737
16.733734
16.682505
16.734055
16.600859
16.639921
16.676743
16.728931
16.685707
16.664255
16.646004
16.736616
16.750383
16.795851
16.543226
16.650806
16.613346
16.688589
16.783684
16.763191
16.588692
16.626472
16.663294
16.716124
16.662973
16.592854
16.706198
16.648886
16.687307
16.666817
16.685387
16.757748
16.603741
16.610785
16.648565
16.675461
16.809938
16.535221
16.865009
16.466061
16.695313
16.716124
16.768314
16.722528
16.532660
16.644083
16.657530
16.767673
16.737896
16.649527
16.664255
16.696592
16.669058
16.625193
16.706839
16.666817
16.637360
16.689869
16.673861
16.650806
16.743980
16.604380
16.692430
16.679304
16.851881
16.456776
16.716444
16.633837
16.826908
16.510567
16.593174
16.710361
16.875576
16.661373
16.547068
16.616547
16.735975
16.644403
16.729572
16.660412
16.604061
16.811539
16.620390
16.598618
16.866291
16.531378
16.641521
16.652409
17.050396
16.367765
16.799372
16.545147
16.868532
16.791367
16.332544
16.705238
16.710041
16.664255
16.620710
16.648245
16.705559
16.765753
16.683466
16.709721
16.592533
16.586771
16.717085
16.732454
16.702997
16.640242
16.752945
16.727011
16.638960
16.642803
16.663935
16.648886
16.672899
16.649847
16.627754
16.637360
16.724770
16.790087
16.613667
16.734055
16.616547
16.693712
16.704597
16.639921
16.641521
16.738857
16.684746
16.668417
16.697874
16.639280
16.705238
16.842596
16.515049
16.677702
16.706839
16.623590
16.665855
16.699795
16.635757
16.676422
16.692430
16.661694
16.696913
16.671940
16.662334
16.644083
16.705238
16.724449
16.644724
16.682825
16.700756
16.640881
16.637680
16.720287
16.662973
16.555073
16.751345
16.790087
16.655289
16.638639
16.870132
16.399464
16.647285
16.677702
16.705238
16.614305
16.731813
16.687307
16.714844
16.704597
16.626152
16.689228
16.682184
16.703957
16.618788
16.685707
16.851242
16.508646
16.731173
16.578125
16.705879
16.687628
16.634478
16.676743
16.714523
16.631596
16.648886
16.654650
16.742699
16.642483
16.682184
16.691790
16.657530
16.747501
16.621990
16.639280
16.701395
16.662973
16.684425
16.669697
16.697554
16.648565
16.658171
16.711641
16.653368
16.665855
16.751986
16.618469
16.676102
16.693071
16.691471
16.586130
16.750383
16.576204
16.619429
16.680904
16.772476
16.701077
16.720926
16.603741
17.146130
16.194546
16.589333
16.783363
16.711321
16.624552
16.646965
16.720287
16.755507
16.659452
16.645044
16.685707
16.632557
16.677382
16.728291
16.631916
16.679943
16.715485
16.627434
16.685066
16.757109
16.566278
16.703318
16.735655
16.577484
16.724770
16.712923
16.646324
16.700115
16.616867
16.897989
16.395300
16.658812
16.687307
16.738537
16.854763
16.491356
16.566278
16.651768
16.832352
16.639601
16.596376
16.677702
16.674820
16.653688
16.854443
16.569481
16.813459
16.557953
16.738216
16.638960
16.623272
16.777279
16.761911
16.457096
16.733414
16.684425
16.692430
16.697554
16.705559
16.647924
16.621670
16.844519
16.524334
16.714523
16.711962
16.642483
16.710682
16.641842
16.637360
16.698515
16.668097
16.561155
16.712603
16.753586
16.701395
16.710361
16.805775
16.377050
16.767673
16.694031
16.672579
16.662334
16.797451
16.527857
16.709400
16.652727
16.687307
16.651447
16.698833
16.673220
16.679304
16.713243
16.554111
16.680904
16.686028
16.622311
16.706518
16.767994
16.666817
16.650167
16.663614
16.670979
16.730532
16.679623
16.687948
16.590292
16.759668
16.599897
16.645365
16.714523
16.675781
16.667456
16.633837
16.669378
16.759668
16.605982
16.776320
16.655930
16.614946
16.758389
16.679623
16.717085
16.626152
16.647606
16.746862
16.691471
16.632236
16.727652
16.577805
16.755186
16.606941
16.843557
16.399784
16.639921
16.688589
16.941214
16.552832
16.533300
16.745581
16.584209
16.737896
16.743980
16.647285
16.742060
16.671619
16.644724
16.675461
16.709080
16.647606
16.655609
16.646965
16.690189
16.671619
16.710682
16.679304
16.611105
16.748142
16.745901
16.539383
16.711321
16.683466
16.628393
16.714203
16.671940
16.663935
16.670338
16.765112
16.616226
16.680584
16.691790
16.597656
16.750383
16.674820
16.636078
16.603100
16.638960
16.737257
16.677702
16.673220
16.634798
16.733093
16.892546
16.367445
16.803534
16.543865
16.684425
16.677702
16.676743
16.793928
16.624552
16.665535
16.645683
16.629034
16.676743
16.721247
16.700115
16.691471
16.693712
16.696592
16.678022
16.655930
16.715485
16.669058
16.668737
16.653368
16.699795
16.659132
16.714844
16.795210
16.581968
16.628393
16.681545
16.663614
16.722208
16.670658
16.620390
16.678022
16.661694
16.687628
16.784643
16.465101
16.703957
16.656250
16.692751
16.646965
16.830109
16.663935
16.644724
16.593494
16.650167
16.668097
16.957222
16.445250
16.660091
16.661373
16.653688
16.657850
16.840355
16.621670
16.701715
16.567240
16.664894
16.643763
16.748142
16.744621
16.544506
16.870773
16.503843
16.719646
16.738857
16.656250
16.569160
16.686028
16.772797
16.636078
16.818583
16.497438
16.768635
16.558594
16.727970
16.634798
16.779840
16.597977
16.661053
16.659132
16.677702
16.698195
16.729252
16.593174
16.775038
16.650486
16.670979
16.751665
16.634798
16.737257
16.597656
16.717085
16.656570
16.650806
16.649527
16.673540
16.670338
16.612064
16.713882
16.813459
16.775999
16.559555
16.597656
16.609182
16.738857
16.646645
16.792007
16.625513
16.655930
16.681225
16.660412
16.671940
16.752945
16.648245
16.716764
16.568520
16.684107
16.658171
16.824987
16.629354
16.663614
16.695953
16.573963
16.783363
16.963627
16.389538
16.628075
16.700756
16.601179
16.651447
16.738537
16.671940
16.635118
16.648886
16.722528
16.685707
16.766714
16.551870
16.590612
16.742699
16.632877
16.717085
16.772797
16.580687
16.631916
16.697554
16.758709
16.657211
16.772797
16.692430
16.522413
16.614626
16.836193
16.599257
16.680264
16.599577
16.902792
16.557634
16.645683
16.735975
16.622311
16.624231
16.882620
16.436604
16.678984
16.660412
16.741098
16.746542
16.516970
16.674501
16.813459
16.556673
16.777599
16.660732
16.701715
16.731493
16.518892
16.676743
16.764471
16.624231
16.729893
16.624231
16.659132
16.706198
16.669058
16.663614
16.620710
16.730213
16.606302
16.673220
16.847719
16.533939
16.684746
16.700436
16.689228
16.680584
16.729252
16.620710
16.630316
16.676422
16.694672
16.664576
16.775999
16.642162
16.655609
16.724770
16.683786
16.623272
16.722849
16.673861
16.672258
16.708441
16.700436
16.519852
16.872053
16.605021
16.544827
16.688910
16.713882
16.632557
16.809618
16.600538
16.629675
16.690510
16.653368
16.797451
16.714523
16.515690
16.673861
16.692751
16.755827
16.788805
16.628075
16.640881
17.054237
16.199028
16.659132
16.692430
16.750383
16.637039
16.881979
16.410990
16.673220
16.739178
16.701395
16.781122
16.518251
16.639280
16.689228
16.770555
16.651768
16.740458
16.556673
16.684425
16.666496
16.809618
16.586451
16.616226
16.731493
16.608223
16.710682
16.696274
16.649527
16.700436
16.725090
16.579407
16.707159
16.803534
16.701715
16.633198
16.632877
16.589651
16.808657
16.592213
16.747183
16.783363
16.616547
16.597015
16.683786
16.594135
16.909195
16.457417
16.696592
16.850601
16.611105
16.635439
16.654329
16.761271
16.547068
16.686028
16.715805
16.740137
16.679943
16.658491
16.578125
16.669378
16.658491
16.710682
16.763832
16.551550
16.717405
16.648245
16.609823
16.881338
16.652727
16.597977
16.971310
16.433083
16.654329
16.735975
16.604700
16.645365
16.800333
16.433723
16.852201
16.601818
16.676102
16.779840
16.680904
16.509926
16.724449
16.611105
16.739498
16.637039
16.832991
16.517611
16.663294
16.761271
16.733414
16.514090
16.739498
16.593815
16.680584
16.833311
16.661373
16.572363
16.661053
16.730852
16.696592
16.641521
16.748783
16.625193
16.702997
16.696913
16.614626
16.681225
16.816341
16.508646
16.675461
16.694351
16.639921
16.670979
16.729893
16.625834
16.804815
16.606941
16.623590
16.689548
16.774397
16.561796
16.743980
16.660732
16.627434
16.782722
16.653048
16.613985
16.653688
16.790087
16.623590
16.648886
16.729252
16.697874
16.577805
16.659132
16.728291
16.647924
16.716124
16.716124
16.613026
16.655289
16.664576
16.699154
16.705559
16.709080
16.726049
16.569801
16.725090
16.662653
16.686987
16.638639
16.767673
16.643122
16.602459
16.733734
16.677061
16.617508
16.777920
16.686668
16.554111
16.727011
16.783684
16.566278
16.684107
16.628075
16.657530
16.727652
16.720926
16.599257
16.668097
16.859245
16.777920
16.542265
16.697233
16.627113
17.209206
16.224323
16.535542
16.686668
16.828508
16.440447
16.712923
16.730532
16.614626
16.763832
16.865650
16.425718
16.622311
16.810259
16.595095
16.690189
16.730852
16.585810
16.783043
16.548029
16.703638
16.682505
16.761271
16.567240
16.682505
16.674181
16.672899
16.675461
16.766394
16.636719
16.636078
16.651768
16.743340
16.642483
16.776638
16.578125
16.678343
16.860847
16.532339
16.648245
16.792007
16.542265
16.656570
16.731173
16.788166
16.587090
16.631916
16.655609
16.635439
16.676102
16.664576
17.982769
15.464849
16.634157
17.129160
16.174055
16.941853
16.502562
16.740458
16.572042
16.677702
16.631275
16.697554
16.831070
16.540665
16.631916
16.793608
16.622952
16.740778
16.638000
16.662973
16.759350
16.576525
16.602139
16.667137
16.804815
16.611744
16.640560
16.718365
16.625193
16.668417
16.785284
16.751986
16.624872
16.606621
16.687628
16.621990
16.673540
16.730213
16.633516
16.651768
16.692430
16.679943
16.794569
16.696274
16.532339
16.706839
16.655289
16.681545
16.672899
16.727652
16.632557
16.670979
16.710041
16.617508
16.729893
16.729572
16.758709
16.577484
16.721567
16.661694
16.557953
16.809938
16.632877
16.581648
16.695313
16.660412
16.865971
16.589012
16.684425
16.743660
16.553150
16.719646
16.705238
16.721247
16.590612
16.588371
16.761271
16.620390
16.806736
16.648886
16.719326
16.492315
16.687948
16.809298
16.566599
16.727011
16.625834
17.084976
16.288679
16.718046
16.641201
16.685707
16.663935
16.687628
16.649206
16.674181
16.680904
16.719006
16.651127
16.733734
16.600218
16.719006
16.682184
16.702036
16.596697
16.887102
16.579727
16.605341
16.625193
16.898628
16.481750
16.684107
16.740458
16.601179
16.651768
16.728291
16.677382
16.670979
16.762871
16.593815
16.752304
16.654329
16.589972
16.770876
16.640242
16.615587
16.701395
16.715805
16.641201
16.700115
16.643442
16.779520
16.612385
16.745260
16.642803
16.635757
16.647285
16.754866
16.665855
16.750704
16.541624
16.715164
16.592213
16.713562
16.800333
16.695633
16.573643
16.696913
16.650486
16.620070
16.753586
16.693392
16.589651
16.694351
16.651447
16.725729
16.708759
16.699795
16.737257
16.527216
16.734055
16.651127
16.792648
16.615908
16.650167
16.652409
16.654009
16.792969
16.576204
16.778240
16.560835
16.712603
16.692430
16.855083
16.642162
16.515049
16.652727
16.649206
16.659132
16.814100
16.578445
16.681545
16.656891
16.707479
16.627754
16.876856
16.471504
16.817623
16.545467
16.679304
16.744301
16.698833
16.882940
16.578125
16.640560
16.675781
16.552511
16.630955
16.769915
16.668097
16.609182
16.676743
16.696913
16.615908
16.683786
16.753586
16.711641
16.694672
16.567879
16.669697
16.672579
16.861807
16.644403
16.542585
16.636078
16.714203
16.654970
16.712603
16.689869
16.633516
16.675781
16.700436
16.654329
16.742699
16.641201
16.630316
16.705879
16.704277
16.638639
16.791048
16.585810
16.656891
16.684746
16.679943
16.661694
16.804495
16.673540
16.726049
16.503523
16.682505
16.735975
16.644724
16.656250
16.686028
16.660091
16.698515
16.830429
16.660412
16.520493
16.779840
16.556353
16.705238
16.662653
16.712923
16.620390
16.712603
16.668417
16.713243
16.772156
16.671299
16.576525
16.627754
16.784964
17.096182
16.186220
16.762550
16.606621
16.685387
16.673220
16.625834
16.696592
16.722208
16.616867
16.692751
16.679304
16.636078
16.727011
16.791048
16.681545
16.531698
16.662653
16.705879
16.675781
16.706518
16.616867
16.734055
16.702356
16.591574
16.678984
16.801292
16.624552
16.636719
16.673861
16.704918
16.664255
16.787846
16.599897
16.646645
16.635439
16.653368
16.753265
16.661694
16.643442
16.677061
16.694031
16.821465
16.572681
16.660091
16.723808
16.700756
16.633837
16.608543
16.736616
16.721247
16.672258
16.711321
16.584209
16.734695
17.011654
16.444288
16.557634
16.677702
16.629354
16.612705
16.706839
16.665535
16.732134
16.661694
16.625193
16.876856
16.494877
16.737896
16.651127
16.710361
16.653688
16.677702
16.629675
16.934809
16.516970
16.596376
16.766714
16.617508
16.660412
16.699795
16.665535
16.649527
16.704597
16.632236
16.815062
16.607903
16.595095
16.671299
16.716124
16.633198
16.702036
16.732454
16.643763
16.653368
16.732454
16.594135
16.736296
16.678663
16.645683
16.693392
16.756788
16.550270
16.699154
16.733093
16.680584
16.624231
16.648886
16.818262
16.555073
16.690189
16.687948
16.656891
16.682505
16.729572
16.827229
16.457417
16.670338
16.669697
16.682184
16.683466
16.858927
16.536501
16.686668
16.626152
16.771196
16.578125
16.786564
16.873974
16.402025
16.768955
16.591574
16.611423
16.909515
16.457417
16.748783
16.714844
16.606941
16.714203
16.760309
16.534260
16.684746
16.763191
16.507685
16.688269
16.758709
16.616226
16.670979
16.764791
16.793289
16.507364
16.745581
16.634798
16.671619
16.635757
16.673220
16.645044
16.809938
16.597015
16.616226
16.689228
16.720926
16.606621
16.720608
16.693392
16.626152
16.774717
16.586130
16.771196
16.668737
16.658812
16.672899
16.622311
16.677382
16.687948
16.729893
16.608543
16.710361
16.634798
16.710682
16.630316
16.755186
16.593494
16.728611
16.607582
16.682505
16.828508
16.566599
16.666496
16.702036
16.642483
16.653048
16.746222
16.834911
16.673220
16.552511
16.842916
16.399464
16.722208
16.697233
16.816341
16.513128
16.630955
16.681545
16.682825
17.206644
16.158365
16.665855
16.743019
16.623590
16.663294
16.763512
16.579086
16.811539
16.857325
16.382174
16.682184
16.891264
16.495838
16.708441
16.785604
16.499041
16.728291
16.708759
16.576525
16.750704
16.652409
16.623911
16.736616
16.834593
16.577166
16.725090
16.541304
16.729893
16.638319
16.767994
16.610785
16.606941
16.690830
16.680584
16.666817
16.726049
16.660412
16.671299
16.648245
16.651127
16.706198
16.719646
16.638960
16.689228
16.668417
16.670017
16.675781
16.697554
16.711641
16.638639
16.677702
16.683146
16.683786
16.714523
16.620390
16.763512
16.713243
16.548347
16.750063
16.754547
16.528177
16.722528
16.653368
16.643763
16.683146
16.838755
16.554432
16.654650
16.633516
16.675781
16.711641
16.731493
16.694031
16.643442
16.600859
16.789446
16.702356
16.715164
16.674181
16.577484
17.263638
16.067432
16.725410
16.847719
16.451973
16.747822
16.626472
16.689548
16.686987
16.849321
16.418995
16.672258
16.682505
16.680584
16.743660
16.728931
16.618469
16.717085
16.558594
16.734055
16.627434
16.724129
16.619749
16.704597
16.660091
16.666496
16.661694
16.718365
16.725090
16.626152
16.655609
16.899910
16.482710
16.675781
17.091379
16.225924
16.659773
16.719326
16.634157
16.758068
16.962025
16.331585
16.715805
16.629995
16.719006
16.836193
16.666817
16.498720
16.726049
16.614626
16.734055
16.794889
16.636078
16.567560
16.640242
16.795210
16.612385
16.662334
16.718365
16.661373
16.649847
16.668097
16.707159
16.751665
16.602459
16.598297
16.677382
16.724449
16.639921
16.777599
16.609823
16.652727
16.645683
16.767673
16.650806
16.823706
16.520813
16.677702
16.661694
16.731493
16.688910
16.698833
16.641201
16.643122
16.708441
16.634157
16.719646
17.035027
16.255060
16.694031
16.712923
16.750704
16.564358
16.685707
16.789125
16.667776
16.695313
16.622952
16.688269
16.658491
16.658171
16.680584
16.713562
16.686028
16.672579
16.635118
16.716124
16.590933
16.707159
16.611423
16.647924
16.761911
16.628714
16.612385
16.682825
16.709080
16.638319
16.736616
16.649847
16.678984
16.682505
16.757427
16.695953
16.662653
16.636398
16.670017
16.682184
16.772156
16.657850
16.617188
16.575563
16.856045
16.549950
16.654970
16.661694
16.854443
16.559235
16.662014
16.595095
16.808657
16.554111
16.715485
16.638319
16.851242
16.674181
16.685707
16.497120
16.740137
16.676102
16.680264
16.686668
16.870773
16.535862
16.734375
16.542265
16.639601
16.826908
16.568199
16.589651
16.807377
16.607582
16.619749
16.723488
16.663935
16.671940
16.821465
16.753906
16.512808
16.644083
16.708759
16.579086
16.867250
16.522413
16.645365
16.706198
16.698195
16.644403
16.747501
16.744621
16.541304
16.692751
16.752625
16.597015
16.777279
16.592533
16.627434
16.683786
16.719646
16.722849
16.693071
16.674501
16.644403
16.616547
16.727652
16.604700
16.782402
16.641201
16.681545
16.624231
16.685707
16.691151
16.715485
16.652088
16.660091
16.686028
16.636398
16.781441
16.672899
16.589333
16.743660
16.625193
16.694672
16.684746
16.719326
16.603100
16.728611
16.657850
16.630636
16.701077
16.715805
16.615908
16.671940
16.718365
16.758389
16.575884
16.724129
16.653688
16.765432
16.550591
16.671940
16.677702
16.782402
16.769915
16.467663
16.837154
16.513128
16.652727
16.820824
16.548988
16.676422
16.704277
16.894787
16.476948
16.913677
16.488153
16.720608
16.609823
16.657530
16.714203
16.804174
16.510246
16.657530
16.683786
16.624231
16.679943
16.751665
16.642483
16.660412
16.664576
16.794249
16.562117
16.736296
16.681864
16.655609
16.681864
16.658171
16.514090
16.880379
16.525936
16.793289
16.575243
16.634478
16.731493
16.650486
16.673220
16.626472
16.707800
16.671619
16.666176
16.768314
16.609823
16.660732
16.759350
16.583248
16.811539
16.637039
16.697874
16.671299
16.564037
16.677702
16.786884
16.769594
16.519211
16.730213
16.631916
16.684746
16.690830
16.707800
16.581007
16.691790
16.639921
16.751665
16.658812
16.701395
16.692110
16.679623
16.636398
16.703638
16.658812
16.760950
16.545786
16.705559
16.693712
16.588692
16.688589
16.832031
16.599897
16.639280
16.694351
16.637680
16.790407
16.666817
16.581968
16.667456
16.674501
16.700436
16.663294
16.702036
16.752625
16.606302
16.662653
16.770876
16.642803
16.769274
16.706198
16.549309
16.582607
16.884541
16.484632
16.772797
16.630636
16.631275
16.727970
16.646965
16.652088
16.881338
16.546106
16.696274
16.590292
16.692751
16.669058
16.781122
16.571081
16.716444
16.652088
16.764791
16.582928
16.727652
16.691151
16.721888
16.564999
16.694031
16.774078
16.632557
16.677382
16.641521
16.651127
16.663614
16.800972
16.583248
16.671940
16.740778
16.599897
16.674820
16.701395
16.720287
16.629034
16.672579
16.623590
16.707479
16.701395
16.676102
16.764791
16.705559
16.614626
16.588371
16.767353
16.742699
16.608864
16.640560
16.752945
16.607903
16.748463
16.624231
16.709400
16.625513
16.676743
16.670658
16.718685
16.784964
16.516970
16.761271
16.656250
16.588371
16.669058
16.751024
16.620070
16.699795
16.673220
16.622952
16.697554
16.807377
16.563396
16.652409
16.684107
16.881020
16.478228
16.738537
16.660732
16.786884
16.562437
16.672579
16.694031
16.687948
16.675781
16.591894
16.735975
16.639280
16.710041
16.836514
16.475346
16.680264
16.654650
16.759029
16.587090
16.718046
16.695953
16.631596
16.685707
16.692751
16.674181
16.713243
16.631916
16.729252
16.632877
16.669697
16.687948
16.687307
16.702036
16.688589
16.676422
16.625193
16.769274
16.751665
16.552191
16.665535
16.698515
16.646645
16.645044
16.707800
16.639601
16.685707
16.669378
16.694672
16.660091
16.736616
16.617188
16.695313
16.726370
16.603741
16.683146
16.744621
16.654009
16.602779
16.794889
16.583248
16.656570
16.795851
16.805775
16.494877
16.637039
16.658491
16.691790
16.742380
16.636078
16.683466
16.793289
16.556993
16.692110
16.702677
16.579727
16.657530
16.769274
16.762230
16.542265
16.693392
16.653368
16.703638
16.616547
16.700436
16.659773
16.703638
16.670979
16.640560
16.790728
16.578125
16.833632
16.619108
16.648245
16.631275
16.662334
16.843237
16.513449
16.761591
16.751665
16.524334
16.640560
16.648886
16.767673
16.729572
16.707800
16.549309
16.661373
16.670658
16.695953
16.707159
16.672579
16.811859
16.511528
16.648565
16.690510
16.740137
16.612705
16.816021
16.573643
16.636078
16.671299
16.735016
16.649847
16.702356
16.623911
16.704918
16.704597
16.721567
16.570761
16.705879
16.750383
16.646004
16.714523
16.926805
16.613667
16.525295
16.643763
16.695633
16.608223
16.692110
16.611744
16.646004
16.690830
16.662973
16.737896
16.804815
16.498079
16.672899
16.724129
16.615267
16.698195
16.752304
16.590933
16.696592
16.652727
16.761911
16.651768
16.795210
16.619749
16.581007
16.652727
16.725090
16.818903
16.575563
16.633837
16.705559
16.673540
16.614305
16.771835
16.675461
16.719646
16.676102
16.583248
16.661373
16.658812
16.861488
16.586130
16.632236
16.617508
16.712603
16.844519
16.637039
16.629034
17.261076
16.041819
16.691151
16.654970
16.647924
16.683146
16.733414
16.612705
16.801933
16.653048
16.605661
16.637680
16.693071
16.644083
16.650486
16.754547
16.644083
16.782722
16.605021
16.757427
16.531378
16.670338
16.760309
16.638960
16.654009
16.742380
16.581648
16.685707
16.868532
16.581648
16.624552
16.653368
16.728931
16.632236
16.762550
16.621990
16.686987
16.775999
16.583569
16.572363
16.758068
16.637680
16.708759
16.702036
16.757748
16.605341
16.687948
16.737577
16.622311
16.633516
16.727970
16.587730
16.780802
16.731813
16.558914
16.672579
16.820824
16.562437
16.626472
16.737257
16.685387
16.618469
16.733093
16.650486
16.683146
16.634157
16.634157
16.685387
16.909195
16.538742
16.657850
16.626152
16.776638
16.559875
16.716124
16.721247
16.683466
16.601818
16.699474
16.644724
16.664576
16.632877
16.746542
16.628393
16.704597
16.622952
16.673220
16.715805
16.779200
16.565638
16.645683
16.675461
16.714844
16.701077
16.642483
16.803854
16.634478
16.563717
16.671940
16.685066
16.739819
16.640242
16.679943
16.704597
16.656570
16.637360
16.801613
16.601818
16.656250
16.710682
16.640881
16.667776
16.868212
16.531698
16.679943
16.649206
16.695313
16.771517
16.701077
16.610464
16.611744
16.743340
16.667776
16.636078
16.756147
16.582928
16.658812
16.673220
16.944735
16.471825
16.676422
16.635118
16.668417
16.624231
16.715805
16.739819
16.659132
16.696592
16.606302
16.635439
16.756788
16.676102
16.732775
16.635439
16.642803
16.663935
16.712923
16.606302
16.884861
16.510246
16.747183
16.590292
16.680264
16.699795
16.690510
16.785604
16.537462
17.029903
16.314936
16.707800
16.661053
16.678022
16.689869
16.611744
16.727331
16.629354
16.744621
16.712282
16.625834
16.761591
16.515369
16.750063
16.767353
16.599897
16.699474
16.696913
16.575563
16.675140
16.764471
16.602139
16.792007
16.823385
16.492956
16.621031
16.675461
16.706198
16.672579
16.707800
16.699474
16.636398
16.688269
16.637680
16.679623
16.601818
16.686668
16.759029
16.783684
16.551550
16.695633
16.673861
16.674820
16.635757
16.746222
16.646004
16.647285
16.635439
16.816341
16.599897
16.692751
17.031185
16.495518
16.476627
16.705238
16.631596
16.816982
16.572042
16.693392
16.633516
16.693392
16.610144
16.709721
16.692430
16.681864
16.637039
16.707159
16.741098
16.779520
16.526896
16.799692
16.514408
16.675140
16.720608
16.658171
16.654329
16.714523
16.674181
16.664255
16.640881
16.694351
16.655289
16.771517
16.636398
16.675461
16.665535
16.723167
16.594774
16.675140
16.747501
16.670979
16.687628
16.751345
16.599257
16.618788
16.746222
16.592213
16.684425
16.900230
16.460299
16.668737
16.736937
16.583248
16.701077
16.742380
16.656891
16.667776
16.710041
16.618788
16.630636
16.789446
16.580366
16.704597
16.678984
16.670017
16.637039
16.827868
16.649847
16.749744
16.551229
16.684107
16.624552
16.706198
16.701395
16.617828
16.634478
16.804174
16.628075
16.703957
16.699795
16.587730
16.710041
16.675140
16.660732
16.717085
16.694672
16.645044
16.733734
17.313267
15.937119
17.516903
15.933917
16.656891
16.572681
16.897989
16.480469
16.660091
16.689548
16.725729
16.594774
16.788166
16.660091
16.735975
16.572042
16.704277
16.745260
16.566599
16.651768
16.759989
16.642162
16.616547
16.718365
16.608223
16.711641
16.738857
16.637680
16.654970
16.711962
16.740458
16.601179
16.773117
16.654329
16.556353
16.668417
16.677702
16.873014
16.604061
16.574604
16.684425
16.687307
16.653688
16.685387
16.797451
16.553791
16.728611
16.646004
16.628075
16.701395
16.729572
16.742060
16.581327
16.662973
16.662334
16.685066
16.904392
16.452934
16.691471
16.675461
16.682505
16.769915
16.660091
16.641201
16.595736
16.678343
16.718685
16.626472
16.734375
16.704277
16.604380
16.668417
16.751665
16.655289
16.716764
16.627434
16.651447
16.655289
16.696913
16.713243
16.791367
16.549309
16.694992
16.657850
16.679623
16.645365
16.719646
16.676422
16.705238
16.585489
16.673220
16.851563
16.614626
16.671940
16.651768
16.656891
16.724129
16.654329
16.698515
16.629675
16.710361
16.592854
17.264599
16.104254
16.767353
16.595736
16.711321
16.650167
16.762871
16.598938
16.835232
16.622311
16.581968
16.763191
16.533939
16.706839
16.854443
16.552191
16.629675
16.730213
16.820503
16.568840
16.824987
16.485271
16.642803
16.632236
16.744621
16.714523
16.609182
16.736616
16.584848
16.732134
16.643122
16.733734
16.597015
16.712282
16.663294
16.653048
16.637360
16.848040
16.599577
16.697874
16.624231
17.598228
15.915026
16.645044
16.589651
16.624872
16.654329
16.702997
16.651768
16.694351
16.658491
16.663935
16.684107
16.780481
16.642162
16.745581
16.623911
16.653368
16.690189
16.662653
16.642803
16.734055
16.650806
16.682825
16.670658
16.678343
16.612385
16.753906
16.589333
16.738857
16.675781
16.637680
16.754866
16.789125
16.473745
16.702036
16.672579
16.631916
16.709080
16.742380
16.621990
16.655289
16.728931
16.613985
16.714203
16.838114
16.623272
16.697233
16.518892
16.618149
16.716764
16.801292
16.567560
16.779200
16.696913
16.579407
16.666176
16.792648
16.586451
16.660091
16.699474
17.187433
16.104254
16.702997
16.638319
16.710041
16.622631
16.792328
16.644083
16.700436
16.585810
16.793608
16.630316
16.607582
16.741098
16.839075
16.418995
16.743660
16.646645
16.627754
16.795851
16.601179
16.649527
16.745260
16.643442
16.642803
16.767353
16.655930
16.621031
16.870773
16.497759
16.633198
16.724449
16.727652
16.609503
16.687307
16.661053
16.655609
16.759989
16.694672
16.658171
16.616226
16.677702
16.776958
16.610464
16.721888
16.586771
16.734055
16.650486
16.622311
16.709721
16.829790
16.496159
16.688910
16.659452
16.781761
16.682825
16.733414
16.711000
16.913998
16.257942
16.623911
16.752945
16.765432
16.590933
16.734055
16.565638
16.776638
16.629675
16.783684
16.581327
16.741739
16.686668
16.940573
16.289961
16.825626
16.581327
16.631275
16.692751
16.707479
16.674181
16.654009
16.656250
16.741098
16.603100
16.707159
16.678663
16.800333
16.570120
16.668417
16.638319
16.662014
16.670658
16.728291
17.028944
16.287079
16.655930
16.697554
16.801933
16.775038
16.544506
17.166622
16.108418
16.631275
16.787525
16.647285
16.627113
16.678343
16.706839
16.632236
16.667456
16.819864
16.512487
16.721567
16.674181
16.730213
16.823706
16.560514
16.589972
16.722528
16.697233
16.560514
16.750383
16.718685
16.666176
16.696592
16.569481
16.634157
16.771196
16.735334
16.555073
16.692430
16.664576
16.654009
16.730532
16.744621
16.582928
16.678984
16.784002
16.542906
16.668737
16.820503
16.701715
16.581327
16.669058
16.729252
16.586451
16.738857
16.908554
16.457417
16.636078
16.688269
16.644083
16.741098
16.772797
16.578445
16.596697
16.735655
16.645365
16.678022
16.758068
16.571402
16.782082
16.645044
16.629354
16.867571
16.596376
16.666817
16.661053
16.623590
16.654329
16.672579
16.770876
16.618788
16.694992
16.575884
16.684746
16.751665
16.785284
16.581968
16.569801
16.681545
16.805456
16.631916
16.667137
16.681225
16.589972
16.680584
16.730213
16.703638
16.579086
16.688269
16.652409
16.860527
16.541945
16.758709
16.596697
16.817303
16.512167
16.663614
16.655930
16.769274
16.699154
16.579727
16.744621
16.621031
16.660412
16.747822
16.996605
16.361361
16.613985
16.647285
16.717085
16.808977
16.638319
16.552832
16.678343
16.721888
16.682184
16.743660
16.666817
16.621031
16.791687
16.568199
16.768314
16.576204
16.882299
16.433723
16.677382
16.735975
16.693071
16.677061
16.800972
16.605021
16.560835
16.686668
16.621670
16.730852
16.757109
16.546106
16.692751
16.680264
16.705238
16.725729
16.628075
16.773438
16.717405
16.537462
16.641521
16.702997
16.655289
16.832031
16.518251
16.804495
16.680904
16.589651
16.646965
16.670658
16.671299
16.785284
17.216251
16.102974
16.716124
16.557314
16.672899
16.694351
16.677382
16.733414
16.660412
16.655289
16.653368
16.662653
16.751024
16.862768
16.479830
16.853163
16.540024
16.636398
16.625513
16.799051
16.722849
16.607582
16.658812
16.642162
16.627754
16.825626
16.576204
16.603100
16.754866
16.603100
16.720287
16.820185
16.505444
16.728931
16.629995
16.637039
16.680904
16.784002
16.678022
16.588051
16.670979
16.727652
16.666817
16.690510
16.668737
16.664894
16.673861
16.679623
16.659773
16.725410
16.781761
16.517290
16.678022
16.775038
16.553471
16.776958
16.761911
16.570120
16.693071
16.692110
16.640881
16.694672
16.651127
16.605661
16.725090
16.801613
16.552511
16.715805
16.780802
16.684746
16.532660
16.621990
16.759989
16.696913
16.581968
16.747501
16.662334
16.610785
16.700756
16.698833
16.762871
16.622311
16.614626
16.715485
16.677061
16.741098
16.647285
16.733093
16.574923
16.708759
16.615908
16.803215
16.545147
16.686668
16.811539
16.516970
16.729572
16.793608
16.583569
16.590612
16.708441
16.640881
16.738216
16.900230
16.437244
16.747183
16.629675
16.654650
16.632877
16.803215
16.599577
16.634478
16.712282
16.700436
16.705879
16.669058
16.603420
16.679623
16.749424
16.616547
16.651127
16.756468
16.651768
16.622952
16.682184
16.680264
16.739498
16.769274
16.624872
16.608864
16.652727
16.750704
16.588371
16.877176
16.521133
16.700756
16.647924
16.652727
16.613667
16.778881
16.621349
16.695313
16.638639
16.728931
16.684746
16.865330
16.475666
16.831070
16.446529
16.725410
16.733734
16.743019
16.536180
16.836193
16.516331
16.685066
16.683786
16.828188
16.562117
17.028944
16.271389
16.667776
16.782402
16.773117
16.511528
16.887423
16.402346
16.743660
16.594135
16.857965
16.531378
16.733414
16.610144
16.706518
16.655289
16.791687
16.607582
16.682825
16.724449
16.556993
16.639921
16.752945
16.619749
16.872053
16.538103
16.660091
16.678663
16.715164
16.652727
16.675781
16.699154
16.662334
16.653048
16.742699
16.833632
16.458696
16.630636
17.335039
16.093048
16.664894
16.647285
16.689548
16.657850
16.669697
16.678343
16.990202
16.390179
16.619108
16.665535
16.661694
16.726049
16.814100
16.551550
16.675461
16.676743
16.707159
16.637680
16.803215
16.594135
16.591574
16.747501
16.599577
16.699154
16.677382
16.710361
16.693071
16.592213
16.675781
16.734695
16.714844
16.597015
16.757748
16.623590
16.720287
16.648565
16.660091
16.663614
16.679943
16.676743
16.666817
16.747501
16.692430
16.632236
16.666176
16.706518
16.655930
16.704918
16.695313
16.618469
16.664576
16.682505
16.638639
16.672579
16.782082
16.624231
16.655930
16.690189
16.680264
16.641842
16.753586
16.617828
16.685707
16.700115
16.666496
16.644083
16.826908
16.544827
16.665215
16.702356
16.616226
16.716444
16.720926
16.681545
16.656891
16.651768
16.629034
16.737577
16.690510
16.672899
16.621670
16.660091
16.759350
16.611744
16.769915
16.625193
16.707800
16.712603
16.623590
16.700436
16.767353
16.536821
16.647285
16.675781
16.713882
16.664894
16.714523
16.648565
16.758709
16.632877
16.607903
16.685066
16.768314
16.594774
16.791367
16.622952
16.690510
16.650806
16.768635
16.574923
16.687307
16.646965
16.647285
16.721247
16.675461
16.669058
16.669378
16.668097
16.663614
16.831711
16.665535
16.578125
16.693712
16.591894
16.872053
16.565317
16.681545
16.621349
16.734055
16.666496
16.609823
16.705559
16.789766
16.570440
16.661373
16.698515
16.640881
16.715805
16.733734
16.646004
16.696913
16.629675
16.661694
16.651768
16.776958
16.631275
16.702997
16.635118
16.663294
16.736937
16.756468
16.685066
16.619108
16.565317
16.906633
16.561155
16.631916
16.720926
16.627434
16.725090
16.606941
16.613667
16.779200
16.768955
16.589972
16.605982
16.834911
16.487833
16.760309
16.675781
16.657211
16.657211
16.645683
16.744301
16.667456
16.782722
17.241224
16.031252
16.664894
16.802254
16.520813
16.619749
16.840675
16.521772
16.714844
16.763832
16.613667
16.658491
16.654009
16.852201
16.499041
16.743980
16.796490
16.461578
16.670658
16.695953
16.672579
16.687628
16.707800
16.661053
16.692751
16.730213
16.716124
16.534580
16.757109
16.613026
16.734695
16.632236
16.621670
16.698195
16.965227
16.402025
16.698515
16.734695
16.675461
16.587090
16.764471
16.608864
16.715485
16.697874
16.594454
16.693712
16.750704
16.746222
16.679304
16.675781
16.634478
16.577805
16.797451
16.759989
16.477907
16.654970
16.724770
16.644083
16.747183
16.625513
16.704277
16.715805
16.675461
16.647606
16.699795
16.787525
16.683466
17.077612
16.125067
16.683786
16.699154
16.775358
16.529137
16.679623
16.729893
16.727331
16.683786
16.602779
16.712282
16.619749
16.664255
16.732454
16.660091
16.648245
16.718685
16.570440
16.738216
16.702677
16.768635
16.605661
16.589651
16.669058
16.651768
16.764471
16.794569
16.486553
16.664894
16.734375
16.740778
16.588692
16.884220
16.447170
16.814100
16.524014
16.691471
16.667776
16.832991
16.538742
16.674820
16.712282
16.701715
16.605021
16.828508
16.584209
16.651127
16.734055
16.571722
16.722849
16.760309
16.599257
16.666496
16.707800
16.695953
16.687628
16.722528
16.537462
16.698515
16.721247
16.709721
16.620710
16.685066
16.660091
16.675781
16.674501
16.680584
16.726370
16.619108
16.729572
16.607903
16.654009
16.696913
16.680904
16.688589
16.773438
16.630316
16.599577
16.682505
16.691790
16.726049
16.644403
16.698833
16.621990
16.718685
16.640560
16.739819
16.648565
16.710041
16.604380
16.720287
16.703318
16.659452
16.664576
16.707479
16.596376
16.674820
16.731493
16.800653
16.554111
16.662014
16.655609
16.667456
16.680264
16.860207
16.548988
16.848360
16.471825
16.785925
16.563396
16.697874
16.664894
16.684425
16.645365
16.664255
16.650486
16.750383
16.723167
16.586771
16.688269
16.694672
16.677382
16.776638
16.602139
16.634157
16.710361
16.919441
16.421236
16.746862
16.572681
16.678343
16.650486
16.646324
16.715164
16.766394
16.644403
16.697554
16.681225
16.575884
16.757109
16.679623
16.640242
16.643122
16.682184
16.696592
16.641521
16.768635
16.646645
16.787846
16.564678
16.658812
16.705879
16.690510
16.707800
16.654970
16.652088
16.623590
16.654329
16.712282
16.708759
16.748463
16.548988
16.686348
16.664576
16.751345
16.629675
17.017736
16.340870
16.646324
16.716124
16.691151
16.677061
16.669058
16.628393
16.709721
16.651127
16.694672
16.653688
16.848360
16.614626
16.643763
16.696274
16.697233
16.616226
16.663294
16.737577
17.501854
15.855152
16.704277
16.704277
16.533619
16.752304
16.588051
16.844519
16.630636
16.621031
16.597656
16.709400
16.651447
16.734375
16.671619
16.690510
16.683786
16.678663
16.723808
16.704918
16.589651
16.621031
16.854443
16.546427
16.683786
16.743340
16.701715
16.500961
16.744621
16.756468
16.629354
16.790407
16.567560
16.710682
16.559555
16.675461
16.709080
16.982838
16.414192
16.680264
16.749104
16.547709
16.647924
16.709080
16.739178
16.778561
16.559875
16.614305
16.692110
16.712282
16.710041
16.661053
16.620390
16.675461
16.751345
16.694992
16.639601
16.761591
16.623911
16.622311
16.660091
16.783363
16.597336
16.644083
16.671299
16.680584
16.661053
16.730532
16.682184
16.638639
16.686668
16.740778
16.666496
16.591253
16.794569
16.568199
16.690830
16.642803
16.899910
16.507685
16.734695
16.621990
16.690189
16.749424
16.555393
16.666496
16.755827
16.587730
16.671940
16.715164
16.650167
16.664255
16.746862
16.612385
16.683466
16.730213
16.750383
16.535862
16.709400
16.734695
16.655289
16.742060
16.538103
16.742380
16.720608
16.590292
16.657211
16.686668
16.732775
16.628393
16.689228
16.840034
16.549309
16.665855
16.712282
16.614946
16.846760
16.543865
16.621990
16.686348
16.708120
16.692751
16.756788
16.592854
16.693712
16.665535
16.605341
16.691471
16.693071
16.694992
16.663294
16.640242
16.825306
16.542906
16.696913
16.646965
16.804174
16.567560
16.697554
17.627045
15.718433
16.677382
16.677061
16.636078
16.755186
16.741098
16.604061
16.677382
16.656250
16.665855
16.651127
16.680264
16.722849
16.650486
16.698195
16.632877
16.689228
16.672579
16.685707
16.688269
16.680904
16.684107
16.673861
16.652088
16.755827
16.621670
16.799051
16.624872
16.661053
16.656891
16.708120
16.641842
16.662334
16.633198
16.740778
16.649527
16.718685
16.692430
16.639280
16.678022
16.610785
16.798731
16.598938
16.677061
16.681864
16.722208
16.768635
16.533619
16.790087
16.689228
16.543545
16.700436
16.683466
16.639280
16.818583
16.592213
16.679304
16.616867
16.702997
16.609503
16.725410
16.708759
16.646004
16.637680
16.677702
16.677061
16.711321
16.668097
16.678663
16.685066
16.707159
16.783684
16.496159
16.652727
16.784643
16.617828
16.614946
16.724449
16.707800
16.702677
16.644083
16.664576
16.634478
16.693712
16.719967
16.646965
16.700115
16.617828
16.694351
16.673861
16.916880
16.474066
16.664255
16.621349
16.750383
16.668737
16.776958
16.653048
16.589972
16.759029
16.554752
16.804495
16.573002
16.633516
16.679304
16.761591
16.598618
16.817303
16.647285
16.623272
16.606621
16.690189
16.655609
16.795530
16.614626
16.677382
16.658171
16.738216
16.597977
16.766073
16.697233
16.593494
16.662973
16.721888
16.756147
16.667776
16.560514
17.731745
15.610211
16.688910
16.737577
16.698833
16.594135
16.713882
16.654970
16.655609
16.677061
16.823385
16.521133
16.744301
16.665215
16.622311
16.657530
16.975153
16.526257
16.676102
16.595095
16.663935
16.649847
16.813459
16.580366
16.666817
16.724449
16.573322
16.761591
16.699154
16.629034
16.812180
16.529137
16.642803
16.740137
16.743980
16.540665
16.778881
16.637680
16.789446
16.537783
16.750704
16.583248
16.783043
16.540983
16.665215
16.681864
16.757427
16.735334
16.601818
16.689228
16.638319
16.753906
16.795530
16.551870
16.641842
16.640560
16.709080
16.661373
16.895746
16.469904
16.676102
16.607262
16.674501
16.689548
16.784964
16.521772
16.731813
16.671940
16.694672
16.674181
16.701077
16.618469
17.599831
15.823133
16.661373
16.675140
16.740778
16.569481
16.714844
16.637039
16.674501
16.694351
16.643122
16.649847
16.688910
16.631916
16.703318
16.722849
16.691471
16.731493
16.588692
16.684746
16.773117
16.747183
16.532660
16.637360
16.678022
16.653368
16.708759
16.692430
16.810898
16.533939
16.750063
16.665215
16.572363
16.734375
16.846760
16.455816
16.696592
16.686348
16.633198
16.680904
16.805775
16.564358
16.699474
16.689869
16.724129
16.704597
16.855724
16.555393
16.560196
16.651127
16.698515
16.667456
16.772156
16.531698
16.675781
16.799372
16.554752
16.658491
16.777920
16.669378
16.681545
16.640560
16.644083
16.641201
16.776958
16.621990
16.796490
16.545147
16.672899
16.720926
16.737577
16.756147
16.595095
17.197680
16.013643
16.785604
16.729893
16.599257
16.692430
16.648245
16.631596
16.857004
16.594774
16.564678
16.799692
16.605982
16.621670
16.697233
16.770235
16.734055
16.607262
16.648886
16.619429
16.746222
16.683786
16.621990
16.665855
16.746542
16.586451
16.724770
16.659452
16.653368
16.686987
16.654650
16.661373
16.739498
16.786884
16.520813
16.705559
16.680584
16.624231
16.690830
16.746542
16.684746
16.727652
16.761911
16.466702
16.679623
17.077612
16.248657
16.858606
16.523054
16.657850
16.752625
16.681545
16.598618
16.711321
16.672579
16.732775
16.652088
16.685707
16.666496
16.731173
16.585169
16.744942
16.631916
16.674820
16.805775
16.554752
16.712923
16.624872
16.668097
16.732454
16.729572
16.547388
16.827549
16.557953
16.628393
16.781761
16.682505
16.646324
16.669378
16.637360
16.670017
16.730213
16.627434
16.685387
16.673861
16.666176
16.659132
16.763191
16.685707
16.707159
16.567240
16.682825
16.734695
16.695953
16.656570
16.662334
16.646965
16.720287
16.609182
16.717405
16.741739
16.923923
16.349194
16.700115
16.649206
16.840996
16.684107
16.621990
16.564358
16.647924
16.769594
16.790407
16.534260
16.665535
16.689228
16.610144
16.732775
16.806736
16.611423
16.569481
16.755507
16.705879
16.618469
16.738537
16.635439
16.642803
16.705559
16.589333
16.743340
16.866930
16.498079
16.657850
16.707800
16.582928
24.251957
9.184775
18.782267
14.597793
16.578445
16.710361
16.650486
16.721888
16.677061
16.701395
16.644403
16.796169
16.524975
16.719006
16.634798
16.679943
16.650167
16.758068
16.621990
16.735016
16.671940
16.585810
16.670338
16.737257
16.718365
16.668737
16.629034
16.732775
16.658171
16.627754
16.642483
16.892225
16.815701
16.469584
16.577805
16.667456
16.714844
16.659773
16.622311
16.767353
16.591253
16.705238
16.678022
16.759350
16.625834
16.624552
16.970030
16.531059
16.635757
16.648886
16.581327
16.698833
16.643763
16.702997
16.706518
16.766073
16.573643
16.635439
16.668417
16.635439
16.686987
16.788486
16.805136
16.494558
16.654009
16.690510
16.651447
16.927444
16.460938
16.668097
22.748056
10.775445
16.458057
16.760950
16.673861
16.745260
16.631596
16.656250
16.655609
16.833632
16.529778
16.613985
16.943775
16.524975
16.608543
16.663935
16.696274
16.791687
16.517931
16.668417
16.659773
16.731813
16.730532
16.596697
16.671619
16.682825
16.648886
16.713243
16.686987
16.604061
16.737257
16.714203
16.601818
16.733414
16.659132
16.647285
16.676102
16.766073
16.621349
16.821144
16.508326
16.693392
16.607903
16.675781
16.767033
16.687628
16.586130
16.719967
16.643442
16.657850
16.678984
16.837154
16.650806
16.643763
16.571722
16.742060
16.729893
16.675140
16.566919
16.684746
16.842276
16.564999
16.670658
16.758709
16.541624
16.670338
16.727011
16.694031
16.626793
16.757748
16.603420
16.673220
16.720287
16.621670
16.672899
16.732134
16.641521
16.657530
16.686028
16.662334
16.725410
16.753265
16.606941
16.673540
16.955622
16.372889
16.656891
16.728931
16.694031
16.745260
16.561476
16.646965
16.676422
16.741419
16.670979
16.634157
16.733734
16.648886
16.694672
16.763832
16.705559
16.551870
16.644403
16.668417
16.704918
16.826267
16.524654
16.647924
16.689228
16.672579
16.669378
16.765753
16.818262
16.540983
16.650167
16.652727
16.676422
16.789125
16.613667
16.705879
16.542906
16.686348
16.680904
16.719006
16.583569
16.800653
16.611105
16.672579
16.673540
16.710361
16.654970
16.621990
16.716124
16.626152
16.680584
16.790087
16.574923
16.715805
16.646965
16.657211
16.792648
16.679304
16.592533
16.719006
16.748463
16.550591
16.670658
16.797131
16.612705
16.696274
16.672899
16.596376
16.691790
16.835552
16.607262
16.621349
16.850601
16.517290
16.629354
16.734695
16.621670
16.674501
16.788166
16.553791
16.754227
16.751024
16.531059
16.796810
16.622631
16.655609
16.620710
16.764791
16.646645
16.668097
16.712923
16.660091
16.631596
16.735655
16.631275
16.727331
16.627434
16.713882
16.621031
16.778240
16.567240
16.828188
16.716444
16.581327
16.839716
16.487513
16.680584
16.749424
16.747822
16.535542
16.707800
16.684746
16.613985
16.736616
16.624231
16.646004
16.708759
16.763512
16.559555
16.744621
16.552832
16.694031
16.743019
16.791048
16.563717
16.646004
16.636719
16.689548
16.740778
16.809298
16.589333
16.837473
16.540344
16.658812
16.764471
16.563396
16.680904
16.673861
16.728291
16.556032
16.707479
16.762230
16.534260
16.678984
16.758389
17.194798
16.171494
16.735334
16.540665
16.770555
16.575243
16.642483
16.703957
16.802254
16.526257
16.782082
16.732134
16.678343
16.576204
16.870453
16.491035
16.705238
16.694031
16.712603
16.545467
16.751024
16.604700
16.692110
16.673220
16.650806
16.648886
16.773758
16.626152
16.693392
16.687948
16.605982
16.814100
16.674181
16.565638
16.845478
16.578125
16.685066
16.638000
16.704597
16.611423
16.704597
17.275484
16.106174
16.666496
16.652727
16.708441
16.658171
16.741098
16.674501
16.576845
16.750063
16.637360
16.650486
16.765112
16.499041
16.767673
16.702997
16.583569
16.711962
16.631275
16.668097
16.893185
16.642803
16.590292
16.657850
16.768955
16.543865
16.669378
16.917839
16.489115
16.686348
17.624483
15.696341
16.696592
16.782402
16.563396
16.710041
16.646965
16.722849
16.563076
16.817942
16.566919
16.650806
16.681864
16.667137
16.694351
16.902792
16.553150
16.613346
16.636398
16.638960
16.699474
16.735016
16.772797
16.503202
16.678663
16.694351
16.660732
16.739498
16.693392
16.675140
16.605661
16.664576
16.654009
16.742060
16.650486
16.702036
16.626793
16.763512
16.627754
16.748463
16.593174
16.665535
16.671619
16.728291
16.731173
16.636078
16.665855
16.699154
16.579086
16.717085
16.614626
16.800333
16.596056
16.764471
16.576845
16.680584
16.700115
16.678343
16.672579
16.709080
16.623272
16.685066
16.684107
16.777599
16.571722
16.704597
16.642162
16.711321
16.637680
16.848040
16.492956
16.750383
16.704597
16.627434
16.682825
16.788166
16.594135
16.695313
16.597015
16.706518
16.638639
16.735655
16.636719
16.668737
16.683786
16.638319
16.696274
16.753265
16.763512
16.526896
16.701395
16.674820
16.773117
16.663294
17.174948
16.150040
16.644403
16.773117
16.593494
16.714203
16.649206
16.588371
16.657530
16.732454
16.759668
16.650167
16.643442
16.592533
16.676422
16.701715
16.714844
16.753265
16.749424
16.645044
16.534901
16.667776
16.727011
16.777920
16.536821
16.686668
16.748463
16.640242
16.590933
16.839396
16.524654
16.741419
16.653688
16.629354
16.778881
16.656570
16.574604
16.721247
16.642162
16.735334
16.673861
16.947617
16.508646
16.563717
16.619429
16.703318
16.699154
16.685387
16.675140
16.653048
16.648245
16.678022
16.740137
16.957222
16.370966
16.725090
16.636078
16.666496
16.673540
16.769594
16.566278
16.688910
16.753265
16.646324
16.632236
16.814421
16.527216
16.659773
16.778561
16.597336
16.855083
16.581007
16.670979
16.631916
16.676743
16.615587
16.766714
16.725090
16.646324
16.581327
16.869492
16.493597
16.657530
16.784643
16.626152
16.655609
16.802895
16.590292
16.743340
16.756788
16.586771
16.694672
16.531698
16.737896
16.627434
16.818583
16.546106
16.854763
16.586451
16.587090
16.727652
16.761271
16.662973
16.817303
16.498400
16.629675
16.830429
16.604061
16.670338
16.739819
16.644724
16.552191
16.696592
16.660412
16.643122
16.699154
16.638639
16.672899
16.678663
16.724770
16.655289
16.687307
16.768635
17.092979
16.328703
16.702036
16.627434
16.723808
16.559235
16.700115
16.794889
16.537462
16.646965
16.603741
16.632236
16.733414
16.810898
16.680904
16.603741
16.589972
16.728291
16.560196
16.749744
16.713243
34.800713
0.536947
14.689364
16.643122
16.704597
16.712923
16.656250
16.612064
16.798731
16.591574
16.713243
16.711000
16.525616
16.654009
16.686668
16.685707
16.731173
16.785925
16.547068
16.742380
16.662973
16.712603
16.672899
16.768635
16.741739
16.478868
16.699474
16.545147
16.832031
16.663294
16.655289
16.664894
16.599897
16.745260
16.663935
16.894787
16.490074
17.624165
15.784391
16.606941
16.593494
16.812820
16.560514
16.635118
16.804174
16.561476
16.847719
16.676743
16.551870
16.662014
16.673861
16.742060
16.614946
16.693712
16.707479
16.841957
16.708120
16.476948
16.696274
16.752304
16.657530
16.583889
16.797771
16.467342
16.821465
16.715164
16.573963
16.656891
17.467594
16.007879
16.575563
16.669058
16.575243
16.681225
16.687948
16.623911
16.721567
16.784643
16.567879
16.696274
16.717726
16.666176
16.598297
17.035988
16.413551
16.600538
16.710041
16.783043
16.545147
16.793608
16.558914
16.673540
16.718046
16.615267
16.675781
17.281887
16.089205
16.800653
16.535542
16.787205
16.656570
16.710361
16.575243
16.712603
16.654329
16.710682
16.819864
16.598938
16.598297
17.757360
15.591321
16.654329
16.660732
16.901510
16.459337
16.935450
16.403625
16.666817
16.650806
16.708759
16.702036
16.660412
16.613667
16.735016
16.790728
16.613026
16.610785
16.709400
16.664255
16.721567
16.574604
16.782722
16.621670
16.643442
16.628393
16.742060
16.667456
16.863729
16.473425
16.642483
16.637360
16.799051
16.552832
16.829470
16.606941
16.686348
16.677061
